run_id,topo,topo_class,coord_sig,n_nodes,n_bond,nu_target,nu_initial,nu_achieved_sim,E_achieved_sim,err,nu_aniso_std,solver_sim_gap,trustworthy,status,error,design_loss,design_path
1,triangular,bravais,6:1.00,56,168,-0.95,0.33333333333330933,0.03832984876469474,0.8324838694996486,0.9883298487646947,0.007530099546361784,0.3047261740272145,0,ok,,0.941282400083956,C:\Users\doron\Documents\GitHub\MATERIALIZE\Phase 5\networks\g1_2_freed\UNTRUSTED_g12_triangular_m095.npz
2,triangular,bravais,6:1.00,56,168,-0.75,0.33333333333330933,0.13296117783987677,0.9212757692269345,0.8829611778398767,0.006114337369508501,0.07019278581717964,0,ok,,0.7674955604301845,C:\Users\doron\Documents\GitHub\MATERIALIZE\Phase 5\networks\g1_2_freed\UNTRUSTED_g12_triangular_m075.npz
3,triangular,bravais,6:1.00,56,168,-0.5,0.33333333333330933,0.03832984876469474,0.8324838694996486,0.5383298487646947,0.007530099546361784,0.3047261740272145,0,ok,,0.27063484193840276,C:\Users\doron\Documents\GitHub\MATERIALIZE\Phase 5\networks\g1_2_freed\UNTRUSTED_g12_triangular_m050.npz
4,triangular,bravais,6:1.00,56,168,-0.3,0.33333333333330933,0.03832984876469474,0.8324838694996486,0.33832984876469474,0.007530099546361784,0.3047261740272145,0,ok,,0.10256926054037907,C:\Users\doron\Documents\GitHub\MATERIALIZE\Phase 5\networks\g1_2_freed\UNTRUSTED_g12_triangular_m030.npz
5,triangular,bravais,6:1.00,56,168,-0.1,0.33333333333330933,0.03832984876469474,0.8324838694996486,0.13832984876469473,0.007530099546361784,0.3047261740272145,0,ok,,0.0145036791423554,C:\Users\doron\Documents\GitHub\MATERIALIZE\Phase 5\networks\g1_2_freed\UNTRUSTED_g12_triangular_m010.npz
6,triangular,bravais,6:1.00,56,168,0.1,0.33333333333330933,0.10173495738314708,0.8738902193111707,0.0017349573831470788,0.003470043390766471,1.1524870708776692e-11,1,ok,,1.5051278251212338e-05,C:\Users\doron\Documents\GitHub\MATERIALIZE\Phase 5\networks\g1_2_freed\design_g12_triangular_p010.npz
7,triangular,bravais,6:1.00,56,168,0.2,0.33333333333330933,0.20251928859840077,0.970130375082196,0.002519288598400754,0.0029354506437658666,2.5169892366772608e-12,1,ok,,1.496368552331604e-05,C:\Users\doron\Documents\GitHub\MATERIALIZE\Phase 5\networks\g1_2_freed\design_g12_triangular_p020.npz
8,triangular,bravais,6:1.00,56,168,0.3,0.33333333333330933,0.30031006989127773,1.0864099576709896,0.0003100698912777422,0.0003929067290812766,5.833457314354837e-13,1,ok,,2.5051903523767675e-07,C:\Users\doron\Documents\GitHub\MATERIALIZE\Phase 5\networks\g1_2_freed\design_g12_triangular_p030.npz
9,triangular,bravais,6:1.00,56,168,0.4,0.33333333333330933,0.33363664319790387,1.080553761589842,0.06636335680209615,0.0032012870751693067,7.850653005223138e-13,1,ok,,0.004414343364985932,C:\Users\doron\Documents\GitHub\MATERIALIZE\Phase 5\networks\g1_2_freed\design_g12_triangular_p040.npz
10,triangular,bravais,6:1.00,56,168,0.6,0.33333333333330933,0.33363664319790387,1.080553761589842,0.2663633568020961,0.0032012870751693067,7.850653005223138e-13,1,ok,,0.07095968608584213,C:\Users\doron\Documents\GitHub\MATERIALIZE\Phase 5\networks\g1_2_freed\design_g12_triangular_p060.npz
11,triangular,bravais,6:1.00,56,168,0.9,0.33333333333330933,0.33363664319790387,1.080553761589842,0.5663633568020962,0.0032012870751693067,7.850653005223138e-13,1,ok,,0.3207777001671265,C:\Users\doron\Documents\GitHub\MATERIALIZE\Phase 5\networks\g1_2_freed\design_g12_triangular_p090.npz
12,honeycomb,basis,3:0.05|4:0.14|5:0.30|6:0.19|7:0.08|8:0.11|9:0.05|10:0.06|12:0.03,64,197,-0.95,0.24529041743490412,0.18433721821499954,1.0104646778893878,1.1343372182149996,0.0367162996955654,6.7672082891056204,0,ok,,0.4700413094488489,C:\Users\doron\Documents\GitHub\MATERIALIZE\Phase 5\networks\g1_2_freed\UNTRUSTED_g12_honeycomb_m095.npz
13,honeycomb,basis,3:0.05|4:0.14|5:0.30|6:0.19|7:0.08|8:0.11|9:0.05|10:0.06|12:0.03,64,197,-0.75,0.24529041743490412,0.1833635763756484,1.019584078696693,0.9333635763756484,0.03380231961789925,5.759571423232298,0,ok,,0.291988438736782,C:\Users\doron\Documents\GitHub\MATERIALIZE\Phase 5\networks\g1_2_freed\UNTRUSTED_g12_honeycomb_m075.npz
14,honeycomb,basis,3:0.05|4:0.14|5:0.30|6:0.19|7:0.08|8:0.11|9:0.05|10:0.06|12:0.03,64,197,-0.5,0.24529041743490412,0.19269521175417026,1.0161925600069022,0.6926952117541703,0.035050811345794866,3.3709331749712748,0,ok,,0.17291268762068498,C:\Users\doron\Documents\GitHub\MATERIALIZE\Phase 5\networks\g1_2_freed\UNTRUSTED_g12_honeycomb_m050.npz
15,honeycomb,basis,3:0.05|4:0.14|5:0.30|6:0.19|7:0.08|8:0.11|9:0.05|10:0.06|12:0.03,64,197,-0.3,0.24529041743490412,0.19951727040471673,1.026979841191379,0.4995172704047167,0.03697659224033384,3.184719312507307,0,ok,,0.07097805848510606,C:\Users\doron\Documents\GitHub\MATERIALIZE\Phase 5\networks\g1_2_freed\UNTRUSTED_g12_honeycomb_m030.npz
16,honeycomb,basis,3:0.05|4:0.14|5:0.30|6:0.19|7:0.08|8:0.11|9:0.05|10:0.06|12:0.03,64,197,-0.1,0.24529041743490412,0.16407220523463814,1.0315142104075772,0.26407220523463815,0.02572814714199216,1.7448855482459669,0,ok,,0.010763309307385543,C:\Users\doron\Documents\GitHub\MATERIALIZE\Phase 5\networks\g1_2_freed\UNTRUSTED_g12_honeycomb_m010.npz
17,honeycomb,basis,3:0.05|4:0.14|5:0.30|6:0.19|7:0.08|8:0.11|9:0.05|10:0.06|12:0.03,64,197,0.1,0.24529041743490412,0.16600331836933366,1.0268876754442042,0.06600331836933365,0.026879909602414247,0.7302637060097346,0,ok,,0.00012641313926838586,C:\Users\doron\Documents\GitHub\MATERIALIZE\Phase 5\networks\g1_2_freed\UNTRUSTED_g12_honeycomb_p010.npz
18,honeycomb,basis,3:0.05|4:0.14|5:0.30|6:0.19|7:0.08|8:0.11|9:0.05|10:0.06|12:0.03,64,197,0.2,0.24529041743490412,0.24910848093993293,1.1103282620973134,0.04910848093993292,0.030615760036708076,0.618011929144402,0,ok,,4.556590013864166e-05,C:\Users\doron\Documents\GitHub\MATERIALIZE\Phase 5\networks\g1_2_freed\UNTRUSTED_g12_honeycomb_p020.npz
19,honeycomb,basis,3:0.05|4:0.14|5:0.30|6:0.19|7:0.08|8:0.11|9:0.05|10:0.06|12:0.03,64,197,0.3,0.24529041743490412,0.28421957777751616,1.1555700511091238,0.015780422222483825,0.038968022338957554,0.3990291181660136,0,ok,,0.003287920395797223,C:\Users\doron\Documents\GitHub\MATERIALIZE\Phase 5\networks\g1_2_freed\UNTRUSTED_g12_honeycomb_p030.npz
20,honeycomb,basis,3:0.05|4:0.14|5:0.30|6:0.19|7:0.08|8:0.11|9:0.05|10:0.06|12:0.03,64,197,0.4,0.24529041743490412,0.28900429252593085,1.1583588228435489,0.11099570747406917,0.04025181568081913,0.39387726113757937,0,ok,,0.021987546675231874,C:\Users\doron\Documents\GitHub\MATERIALIZE\Phase 5\networks\g1_2_freed\UNTRUSTED_g12_honeycomb_p040.npz
21,honeycomb,basis,3:0.05|4:0.14|5:0.30|6:0.19|7:0.08|8:0.11|9:0.05|10:0.06|12:0.03,64,197,0.6,0.24529041743490412,0.2916668088826162,1.1634061414364012,0.3083331911173838,0.040233630210128664,0.40212849585847915,0,ok,,0.11981637109674081,C:\Users\doron\Documents\GitHub\MATERIALIZE\Phase 5\networks\g1_2_freed\UNTRUSTED_g12_honeycomb_p060.npz
22,honeycomb,basis,3:0.05|4:0.14|5:0.30|6:0.19|7:0.08|8:0.11|9:0.05|10:0.06|12:0.03,64,197,0.9,0.24529041743490412,0.2890497245612385,1.1371775338370838,0.6109502754387615,0.0419414375055392,0.4484862817419524,0,ok,,0.43319000807864316,C:\Users\doron\Documents\GitHub\MATERIALIZE\Phase 5\networks\g1_2_freed\UNTRUSTED_g12_honeycomb_p090.npz
23,kagome,basis,4:0.13|5:0.30|6:0.31|7:0.11|8:0.07|10:0.07,54,162,-0.95,0.2380925614720717,-0.24453995088267783,0.5955623569364381,0.7054600491173222,0.06659499376523755,0.5534424537938005,0,ok,,0.3935962413275112,C:\Users\doron\Documents\GitHub\MATERIALIZE\Phase 5\networks\g1_2_freed\UNTRUSTED_g12_kagome_m095.npz
24,kagome,basis,4:0.13|5:0.30|6:0.31|7:0.11|8:0.07|10:0.07,54,162,-0.75,0.2380925614720717,-0.06543711026175213,0.7558225143207091,0.6845628897382479,0.0148585394457401,0.5888283990636014,0,ok,,0.40237258627255607,C:\Users\doron\Documents\GitHub\MATERIALIZE\Phase 5\networks\g1_2_freed\UNTRUSTED_g12_kagome_m075.npz
25,kagome,basis,4:0.13|5:0.30|6:0.31|7:0.11|8:0.07|10:0.07,54,162,-0.5,0.2380925614720717,-0.06543711026175213,0.7558225143207091,0.43456288973824786,0.0148585394457401,0.5888283990636014,0,ok,,0.14784044538900282,C:\Users\doron\Documents\GitHub\MATERIALIZE\Phase 5\networks\g1_2_freed\UNTRUSTED_g12_kagome_m050.npz
26,kagome,basis,4:0.13|5:0.30|6:0.31|7:0.11|8:0.07|10:0.07,54,162,-0.3,0.2380925614720717,-0.06543711026175213,0.7558225143207091,0.23456288973824785,0.0148585394457401,0.5888283990636014,0,ok,,0.034214732682160305,C:\Users\doron\Documents\GitHub\MATERIALIZE\Phase 5\networks\g1_2_freed\UNTRUSTED_g12_kagome_m030.npz
27,kagome,basis,4:0.13|5:0.30|6:0.31|7:0.11|8:0.07|10:0.07,54,162,-0.1,0.2380925614720717,-0.08664330943188643,0.7757932295751155,0.013356690568113574,0.019781785676889117,0.18767761585673398,0,ok,,0.00037484052775909726,C:\Users\doron\Documents\GitHub\MATERIALIZE\Phase 5\networks\g1_2_freed\UNTRUSTED_g12_kagome_m010.npz
28,kagome,basis,4:0.13|5:0.30|6:0.31|7:0.11|8:0.07|10:0.07,54,162,0.1,0.2380925614720717,0.09975872382339418,0.9417475762475965,0.0002412761766058258,0.012247994570016522,1.9855917342607597e-11,1,ok,,0.00015007158518287524,C:\Users\doron\Documents\GitHub\MATERIALIZE\Phase 5\networks\g1_2_freed\design_g12_kagome_p010.npz
29,kagome,basis,4:0.13|5:0.30|6:0.31|7:0.11|8:0.07|10:0.07,54,162,0.2,0.2380925614720717,0.20103239127451955,1.0272572913542868,0.0010323912745195396,0.018994812932625466,5.003279858787347e-11,1,ok,,0.0003618687500530986,C:\Users\doron\Documents\GitHub\MATERIALIZE\Phase 5\networks\g1_2_freed\design_g12_kagome_p020.npz
30,kagome,basis,4:0.13|5:0.30|6:0.31|7:0.11|8:0.07|10:0.07,54,162,0.3,0.2380925614720717,0.2959178512458978,1.0739402180615767,0.004082148754102177,0.026352425496117583,0.027559860282443234,1,ok,,0.0006460757501034067,C:\Users\doron\Documents\GitHub\MATERIALIZE\Phase 5\networks\g1_2_freed\design_g12_kagome_p030.npz
31,kagome,basis,4:0.13|5:0.30|6:0.31|7:0.11|8:0.07|10:0.07,54,162,0.4,0.2380925614720717,0.3220639393419995,1.1201923067021506,0.07793606065800052,0.03992449371215651,2.578512021979239e-12,1,ok,,0.0076679947490832946,C:\Users\doron\Documents\GitHub\MATERIALIZE\Phase 5\networks\g1_2_freed\design_g12_kagome_p040.npz
32,kagome,basis,4:0.13|5:0.30|6:0.31|7:0.11|8:0.07|10:0.07,54,162,0.6,0.2380925614720717,0.33915841577841677,1.0895662761300868,0.2608415842215832,0.05065814377520679,4.307847439339028e-12,1,ok,,0.07060457959013093,C:\Users\doron\Documents\GitHub\MATERIALIZE\Phase 5\networks\g1_2_freed\design_g12_kagome_p060.npz
33,kagome,basis,4:0.13|5:0.30|6:0.31|7:0.11|8:0.07|10:0.07,54,162,0.9,0.2380925614720717,0.33915841577841677,1.0895662761300868,0.5608415842215833,0.05065814377520679,4.307847439339028e-12,1,ok,,0.3171095301232511,C:\Users\doron\Documents\GitHub\MATERIALIZE\Phase 5\networks\g1_2_freed\design_g12_kagome_p090.npz
34,square_octagon,tiling,3:0.08|4:0.17|5:0.19|6:0.22|7:0.08|8:0.06|9:0.08|10:0.03|12:0.06|14:0.03,36,114,-0.95,0.26544074745415297,0.8334019015873516,0.002965747986574117,1.7834019015873515,0.03723605689152392,3.382956244932145,0,ok,,0.46900170345936115,C:\Users\doron\Documents\GitHub\MATERIALIZE\Phase 5\networks\g1_2_freed\UNTRUSTED_g12_square_octagon_m095.npz
35,square_octagon,tiling,3:0.08|4:0.17|5:0.19|6:0.22|7:0.08|8:0.06|9:0.08|10:0.03|12:0.06|14:0.03,36,114,-0.75,0.26544074745415297,0.8389049557105979,0.0029757504520766,1.5889049557105979,0.03913453776230398,3.0925678080924257,0,ok,,0.31746566792572767,C:\Users\doron\Documents\GitHub\MATERIALIZE\Phase 5\networks\g1_2_freed\UNTRUSTED_g12_square_octagon_m075.npz
36,square_octagon,tiling,3:0.08|4:0.17|5:0.19|6:0.22|7:0.08|8:0.06|9:0.08|10:0.03|12:0.06|14:0.03,36,114,-0.5,0.26544074745415297,0.8612760147998647,0.0030091147396140053,1.3612760147998646,0.04924274603898056,2.734993013952912,0,ok,,0.18157735655588564,C:\Users\doron\Documents\GitHub\MATERIALIZE\Phase 5\networks\g1_2_freed\UNTRUSTED_g12_square_octagon_m050.npz
37,square_octagon,tiling,3:0.08|4:0.17|5:0.19|6:0.22|7:0.08|8:0.06|9:0.08|10:0.03|12:0.06|14:0.03,36,114,-0.3,0.26544074745415297,0.8576496926857986,0.0030213371380768093,1.1576496926857986,0.047704415918681596,2.4110575637119904,0,ok,,0.10890323523702432,C:\Users\doron\Documents\GitHub\MATERIALIZE\Phase 5\networks\g1_2_freed\UNTRUSTED_g12_square_octagon_m030.npz
38,square_octagon,tiling,3:0.08|4:0.17|5:0.19|6:0.22|7:0.08|8:0.06|9:0.08|10:0.03|12:0.06|14:0.03,36,114,-0.1,0.26544074745415297,0.507324570962498,0.0027032566238199343,0.6073245709624979,0.06606813260850072,2.024317947590283,0,ok,,0.01548828657605422,C:\Users\doron\Documents\GitHub\MATERIALIZE\Phase 5\networks\g1_2_freed\UNTRUSTED_g12_square_octagon_m010.npz
39,square_octagon,tiling,3:0.08|4:0.17|5:0.19|6:0.22|7:0.08|8:0.06|9:0.08|10:0.03|12:0.06|14:0.03,36,114,0.1,0.26544074745415297,0.5600597010571837,0.002754315033300688,0.46005970105718375,0.05564417983435191,1.5623337937638353,0,ok,,0.007345454921755024,C:\Users\doron\Documents\GitHub\MATERIALIZE\Phase 5\networks\g1_2_freed\UNTRUSTED_g12_square_octagon_p010.npz
40,square_octagon,tiling,3:0.08|4:0.17|5:0.19|6:0.22|7:0.08|8:0.06|9:0.08|10:0.03|12:0.06|14:0.03,36,114,0.2,0.26544074745415297,0.551595577246504,0.0027382263317314894,0.351595577246504,0.0530332514051256,1.3195688554401803,0,ok,,0.003652018903651709,C:\Users\doron\Documents\GitHub\MATERIALIZE\Phase 5\networks\g1_2_freed\UNTRUSTED_g12_square_octagon_p020.npz
41,square_octagon,tiling,3:0.08|4:0.17|5:0.19|6:0.22|7:0.08|8:0.06|9:0.08|10:0.03|12:0.06|14:0.03,36,114,0.3,0.26544074745415297,0.5266730533280097,0.0026602520283241686,0.22667305332800974,0.06537650232249645,1.0531409569205756,0,ok,,0.000743407809029777,C:\Users\doron\Documents\GitHub\MATERIALIZE\Phase 5\networks\g1_2_freed\UNTRUSTED_g12_square_octagon_p030.npz
42,square_octagon,tiling,3:0.08|4:0.17|5:0.19|6:0.22|7:0.08|8:0.06|9:0.08|10:0.03|12:0.06|14:0.03,36,114,0.4,0.26544074745415297,0.6244941440065531,0.0027573637444475324,0.2244941440065531,0.059258955600252156,0.9187138550053626,0,ok,,0.0008225903994329948,C:\Users\doron\Documents\GitHub\MATERIALIZE\Phase 5\networks\g1_2_freed\UNTRUSTED_g12_square_octagon_p040.npz
43,square_octagon,tiling,3:0.08|4:0.17|5:0.19|6:0.22|7:0.08|8:0.06|9:0.08|10:0.03|12:0.06|14:0.03,36,114,0.6,0.26544074745415297,0.8121448167239061,0.0032270918245974516,0.21214481672390617,0.04211855436899477,0.8238917461087207,0,ok,,0.0001897664733469793,C:\Users\doron\Documents\GitHub\MATERIALIZE\Phase 5\networks\g1_2_freed\UNTRUSTED_g12_square_octagon_p060.npz
44,square_octagon,tiling,3:0.08|4:0.17|5:0.19|6:0.22|7:0.08|8:0.06|9:0.08|10:0.03|12:0.06|14:0.03,36,114,0.9,0.26544074745415297,0.949822952752807,0.0030585855083161534,0.049822952752807015,0.05220457991742602,0.3888198480109652,0,ok,,8.483020933311787e-05,C:\Users\doron\Documents\GitHub\MATERIALIZE\Phase 5\networks\g1_2_freed\UNTRUSTED_g12_square_octagon_p090.npz
45,tetrakis,basis,4:0.50|8:0.50,72,216,-0.95,0.3333333333333093,-0.06230154328905218,0.7542986684066096,0.8876984567109478,0.026397486452244316,0.4470956885664282,0,ok,,0.743834736078622,C:\Users\doron\Documents\GitHub\MATERIALIZE\Phase 5\networks\g1_2_freed\UNTRUSTED_g12_tetrakis_m095.npz
46,tetrakis,basis,4:0.50|8:0.50,72,216,-0.75,0.3333333333333093,-0.06706458459966107,0.7521488804463213,0.682935415400339,0.026740259879880105,0.48846288672613086,0,ok,,0.4324721606115097,C:\Users\doron\Documents\GitHub\MATERIALIZE\Phase 5\networks\g1_2_freed\UNTRUSTED_g12_tetrakis_m075.npz
47,tetrakis,basis,4:0.50|8:0.50,72,216,-0.5,0.3333333333333093,-0.06706458459966107,0.7521488804463213,0.4329354154003389,0.026740259879880105,0.48846288672613086,0,ok,,0.16642885016177855,C:\Users\doron\Documents\GitHub\MATERIALIZE\Phase 5\networks\g1_2_freed\UNTRUSTED_g12_tetrakis_m050.npz
48,tetrakis,basis,4:0.50|8:0.50,72,216,-0.3,0.3333333333333093,-0.06706458459966107,0.7521488804463213,0.2329354154003389,0.026740259879880105,0.48846288672613086,0,ok,,0.0435942018019936,C:\Users\doron\Documents\GitHub\MATERIALIZE\Phase 5\networks\g1_2_freed\UNTRUSTED_g12_tetrakis_m030.npz
49,tetrakis,basis,4:0.50|8:0.50,72,216,-0.1,0.3333333333333093,-0.025396779837335102,0.7879801337614197,0.07460322016266491,0.03257788799264411,1.6777584869940476,0,ok,,0.0007794357256694256,C:\Users\doron\Documents\GitHub\MATERIALIZE\Phase 5\networks\g1_2_freed\UNTRUSTED_g12_tetrakis_m010.npz
50,tetrakis,basis,4:0.50|8:0.50,72,216,0.1,0.3333333333333093,0.09769148037408128,0.944621768268224,0.0023085196259187285,0.007593522450564949,0.1160947337936446,0,ok,,2.7401238073306665e-05,C:\Users\doron\Documents\GitHub\MATERIALIZE\Phase 5\networks\g1_2_freed\UNTRUSTED_g12_tetrakis_p010.npz
51,tetrakis,basis,4:0.50|8:0.50,72,216,0.2,0.3333333333333093,0.2017541974338719,1.0903014670965454,0.0017541974338718958,0.008305585714204878,0.04792457182075466,1,ok,,2.8131021404073133e-05,C:\Users\doron\Documents\GitHub\MATERIALIZE\Phase 5\networks\g1_2_freed\design_g12_tetrakis_p020.npz
52,tetrakis,basis,4:0.50|8:0.50,72,216,0.3,0.3333333333333093,0.30170528888039677,1.2363300605281098,0.0017052888803967825,0.0022204585419580308,1.1352511700327357e-12,1,ok,,7.838446301791038e-06,C:\Users\doron\Documents\GitHub\MATERIALIZE\Phase 5\networks\g1_2_freed\design_g12_tetrakis_p030.npz
53,tetrakis,basis,4:0.50|8:0.50,72,216,0.4,0.3333333333333093,0.3282230593204918,1.253718083574628,0.07177694067950824,0.011678236994666377,1.0792695077521008e-12,1,ok,,0.00528831043261264,C:\Users\doron\Documents\GitHub\MATERIALIZE\Phase 5\networks\g1_2_freed\design_g12_tetrakis_p040.npz
54,tetrakis,basis,4:0.50|8:0.50,72,216,0.6,0.3333333333333093,0.33302452030303303,1.2248346154598386,0.26697547969696694,0.020803149675371196,2.3475584343846585e-12,1,ok,,0.07170867779583104,C:\Users\doron\Documents\GitHub\MATERIALIZE\Phase 5\networks\g1_2_freed\design_g12_tetrakis_p060.npz
55,tetrakis,basis,4:0.50|8:0.50,72,216,0.9,0.3333333333333093,0.33302452030303303,1.2248346154598386,0.566975479696967,0.020803149675371196,2.3475584343846585e-12,1,ok,,0.3218939656140092,C:\Users\doron\Documents\GitHub\MATERIALIZE\Phase 5\networks\g1_2_freed\design_g12_tetrakis_p090.npz
56,rotating_squares,auxetic,5:0.22|6:0.25|7:0.53,32,101,-0.95,0.31810153210195463,-0.7610922967206015,0.15443969545334293,0.18890770327939843,0.21343829337094247,1.7415214369625125,0,ok,,0.004161625347806399,C:\Users\doron\Documents\GitHub\MATERIALIZE\Phase 5\networks\g1_2_freed\UNTRUSTED_g12_rotating_squares_m095.npz
57,rotating_squares,auxetic,5:0.22|6:0.25|7:0.53,32,101,-0.75,0.31810153210195463,-0.6374341841102839,0.2212207208350178,0.11256581588971615,0.14471119217436704,1.6197123900426327,0,ok,,0.014256860371326435,C:\Users\doron\Documents\GitHub\MATERIALIZE\Phase 5\networks\g1_2_freed\UNTRUSTED_g12_rotating_squares_m075.npz
58,rotating_squares,auxetic,5:0.22|6:0.25|7:0.53,32,101,-0.5,0.31810153210195463,-0.3150195913736195,0.44581161865536484,0.1849804086263805,0.031007654528569357,2.047134095441418,0,ok,,0.008287580839848634,C:\Users\doron\Documents\GitHub\MATERIALIZE\Phase 5\networks\g1_2_freed\UNTRUSTED_g12_rotating_squares_m050.npz
59,rotating_squares,auxetic,5:0.22|6:0.25|7:0.53,32,101,-0.3,0.31810153210195463,-0.3523757338535268,0.3445841727497998,0.052375733853526785,0.08922484335607361,1.4493856305261212,0,ok,,0.006414764909314729,C:\Users\doron\Documents\GitHub\MATERIALIZE\Phase 5\networks\g1_2_freed\UNTRUSTED_g12_rotating_squares_m030.npz
60,rotating_squares,auxetic,5:0.22|6:0.25|7:0.53,32,101,-0.1,0.31810153210195463,-0.18827097712933252,0.45084975413750467,0.08827097712933252,0.07505469955947221,1.4800551646460463,0,ok,,0.0008797935705590728,C:\Users\doron\Documents\GitHub\MATERIALIZE\Phase 5\networks\g1_2_freed\UNTRUSTED_g12_rotating_squares_m010.npz
61,rotating_squares,auxetic,5:0.22|6:0.25|7:0.53,32,101,0.1,0.31810153210195463,-0.3295589865822704,0.3894829784733096,0.42955898658227043,0.05230742216395304,2.3041788112660577,0,ok,,0.0040358987004855485,C:\Users\doron\Documents\GitHub\MATERIALIZE\Phase 5\networks\g1_2_freed\UNTRUSTED_g12_rotating_squares_p010.npz
62,rotating_squares,auxetic,5:0.22|6:0.25|7:0.53,32,101,0.2,0.31810153210195463,-0.2793376555890882,0.3976824459349925,0.4793376555890882,0.07108697923098668,4.173134574232966,0,ok,,0.12348796410760896,C:\Users\doron\Documents\GitHub\MATERIALIZE\Phase 5\networks\g1_2_freed\UNTRUSTED_g12_rotating_squares_p020.npz
63,rotating_squares,auxetic,5:0.22|6:0.25|7:0.53,32,101,0.3,0.31810153210195463,-0.2830880029796917,0.3928824689808552,0.5830880029796917,0.06430267946226007,4.150087339721258,0,ok,,0.09561539700802467,C:\Users\doron\Documents\GitHub\MATERIALIZE\Phase 5\networks\g1_2_freed\UNTRUSTED_g12_rotating_squares_p030.npz
64,rotating_squares,auxetic,5:0.22|6:0.25|7:0.53,32,101,0.4,0.31810153210195463,-0.3306870261199294,0.37272124893798647,0.7306870261199294,0.10274178404727217,4.2553022034541135,0,ok,,0.026713062123734446,C:\Users\doron\Documents\GitHub\MATERIALIZE\Phase 5\networks\g1_2_freed\UNTRUSTED_g12_rotating_squares_p040.npz
65,rotating_squares,auxetic,5:0.22|6:0.25|7:0.53,32,101,0.6,0.31810153210195463,-0.31427554757411547,0.3905009460321064,0.9142755475741154,0.08967969163246227,4.840255203372741,0,ok,,0.014653604828070927,C:\Users\doron\Documents\GitHub\MATERIALIZE\Phase 5\networks\g1_2_freed\UNTRUSTED_g12_rotating_squares_p060.npz
66,rotating_squares,auxetic,5:0.22|6:0.25|7:0.53,32,101,0.9,0.31810153210195463,-0.06938130039958439,0.5285463714376493,0.9693813003995844,0.04286772535637463,15.52641311011681,0,ok,,0.05577202073993401,C:\Users\doron\Documents\GitHub\MATERIALIZE\Phase 5\networks\g1_2_freed\UNTRUSTED_g12_rotating_squares_p090.npz
67,reentrant_honeycomb,auxetic,4:0.11|5:0.22|6:0.33|7:0.19|8:0.16,64,194,-0.95,0.27276423702272845,-0.43087128837975425,0.0018076451297038452,0.5191287116202457,0.34745025868956053,1.7219189744180028,0,ok,,0.3195297729234046,C:\Users\doron\Documents\GitHub\MATERIALIZE\Phase 5\networks\g1_2_freed\UNTRUSTED_g12_reentrant_honeycomb_m095.npz
68,reentrant_honeycomb,auxetic,4:0.11|5:0.22|6:0.33|7:0.19|8:0.16,64,194,-0.75,0.27276423702272845,-0.4049116457396113,0.001841561378357525,0.3450883542603887,0.3526968343375938,2.6410255166014793,0,ok,,0.17217322757450707,C:\Users\doron\Documents\GitHub\MATERIALIZE\Phase 5\networks\g1_2_freed\UNTRUSTED_g12_reentrant_honeycomb_m075.npz
69,reentrant_honeycomb,auxetic,4:0.11|5:0.22|6:0.33|7:0.19|8:0.16,64,194,-0.5,0.27276423702272845,-0.4224628409850036,0.001596315190902329,0.07753715901499642,0.28558732471920867,1.4807095783855833,0,ok,,0.039585442396474525,C:\Users\doron\Documents\GitHub\MATERIALIZE\Phase 5\networks\g1_2_freed\UNTRUSTED_g12_reentrant_honeycomb_m050.npz
70,reentrant_honeycomb,auxetic,4:0.11|5:0.22|6:0.33|7:0.19|8:0.16,64,194,-0.3,0.27276423702272845,-0.3851639942085349,0.001621145185274158,0.08516399420853493,0.27462680843494003,0.7173040205655934,0,ok,,0.026454684759395067,C:\Users\doron\Documents\GitHub\MATERIALIZE\Phase 5\networks\g1_2_freed\UNTRUSTED_g12_reentrant_honeycomb_m030.npz
71,reentrant_honeycomb,auxetic,4:0.11|5:0.22|6:0.33|7:0.19|8:0.16,64,194,-0.1,0.27276423702272845,-0.19685311485214235,0.0020726061408949353,0.09685311485214235,0.36050976286309555,0.9051853125382318,0,ok,,0.04342865495490852,C:\Users\doron\Documents\GitHub\MATERIALIZE\Phase 5\networks\g1_2_freed\UNTRUSTED_g12_reentrant_honeycomb_m010.npz
72,reentrant_honeycomb,auxetic,4:0.11|5:0.22|6:0.33|7:0.19|8:0.16,64,194,0.1,0.27276423702272845,-0.1968422413369543,0.0024197298401298912,0.2968422413369543,0.3893404861612156,3.5904851265279496,0,ok,,0.04360887415860228,C:\Users\doron\Documents\GitHub\MATERIALIZE\Phase 5\networks\g1_2_freed\UNTRUSTED_g12_reentrant_honeycomb_p010.npz
73,reentrant_honeycomb,auxetic,4:0.11|5:0.22|6:0.33|7:0.19|8:0.16,64,194,0.2,0.27276423702272845,0.0893070273798317,0.0025767769246864657,0.1106929726201683,0.30716941123918623,2.2010265292686118,0,ok,,0.029983724021859275,C:\Users\doron\Documents\GitHub\MATERIALIZE\Phase 5\networks\g1_2_freed\UNTRUSTED_g12_reentrant_honeycomb_p020.npz
74,reentrant_honeycomb,auxetic,4:0.11|5:0.22|6:0.33|7:0.19|8:0.16,64,194,0.3,0.27276423702272845,0.2598215673199116,0.0031444889623891323,0.040178432680088416,0.2785783282383895,2.7730005711955212,0,ok,,0.04157386165365242,C:\Users\doron\Documents\GitHub\MATERIALIZE\Phase 5\networks\g1_2_freed\UNTRUSTED_g12_reentrant_honeycomb_p030.npz
75,reentrant_honeycomb,auxetic,4:0.11|5:0.22|6:0.33|7:0.19|8:0.16,64,194,0.4,0.27276423702272845,0.3876937531358673,0.003468832815107518,0.01230624686413273,0.26276529303685986,2.9320171619363635,0,ok,,0.0433254399776591,C:\Users\doron\Documents\GitHub\MATERIALIZE\Phase 5\networks\g1_2_freed\UNTRUSTED_g12_reentrant_honeycomb_p040.npz
76,reentrant_honeycomb,auxetic,4:0.11|5:0.22|6:0.33|7:0.19|8:0.16,64,194,0.6,0.27276423702272845,0.15980508208139588,0.0033664565823579074,0.4401949179186041,0.3554290171916332,1.7546577519683282,0,ok,,0.139072415842936,C:\Users\doron\Documents\GitHub\MATERIALIZE\Phase 5\networks\g1_2_freed\UNTRUSTED_g12_reentrant_honeycomb_p060.npz
77,reentrant_honeycomb,auxetic,4:0.11|5:0.22|6:0.33|7:0.19|8:0.16,64,194,0.9,0.27276423702272845,0.5425881522117475,0.004702879340640968,0.3574118477882525,0.2559966242633427,3.329778722207455,0,ok,,0.10659154086477644,C:\Users\doron\Documents\GitHub\MATERIALIZE\Phase 5\networks\g1_2_freed\UNTRUSTED_g12_reentrant_honeycomb_p090.npz
78,foam_poisson,foam,5:0.31|6:0.41|7:0.24|8:0.04,54,162,-0.95,0.3083440930024813,-0.2690998764974631,0.5278483049058559,0.6809001235025369,0.00993593328123311,0.23793185888279625,0,ok,,0.41193373203291545,C:\Users\doron\Documents\GitHub\MATERIALIZE\Phase 5\networks\g1_2_freed\UNTRUSTED_g12_foam_poisson_m095.npz
79,foam_poisson,foam,5:0.31|6:0.41|7:0.24|8:0.04,54,162,-0.75,0.3083440930024813,-0.25351381658352223,0.5548276147140634,0.49648618341647777,0.017878783097309205,0.2148146224193663,0,ok,,0.23042901980329022,C:\Users\doron\Documents\GitHub\MATERIALIZE\Phase 5\networks\g1_2_freed\UNTRUSTED_g12_foam_poisson_m075.npz
80,foam_poisson,foam,5:0.31|6:0.41|7:0.24|8:0.04,54,162,-0.5,0.3083440930024813,-0.2733563030381076,0.5209500528838885,0.2266436969618924,0.011428248882614936,0.2250116229504442,0,ok,,0.03435172658658871,C:\Users\doron\Documents\GitHub\MATERIALIZE\Phase 5\networks\g1_2_freed\UNTRUSTED_g12_foam_poisson_m050.npz
81,foam_poisson,foam,5:0.31|6:0.41|7:0.24|8:0.04,54,162,-0.3,0.3083440930024813,-0.2163965874536799,0.5658589195467605,0.08360341254632009,0.009949653424888377,0.42712311695671346,0,ok,,0.00023567790528392633,C:\Users\doron\Documents\GitHub\MATERIALIZE\Phase 5\networks\g1_2_freed\UNTRUSTED_g12_foam_poisson_m030.npz
82,foam_poisson,foam,5:0.31|6:0.41|7:0.24|8:0.04,54,162,-0.1,0.3083440930024813,-0.09856609496848641,0.6837588645237749,0.0014339050315135965,0.01163017902950069,0.05969775870206035,0,ok,,6.718108461701059e-05,C:\Users\doron\Documents\GitHub\MATERIALIZE\Phase 5\networks\g1_2_freed\UNTRUSTED_g12_foam_poisson_m010.npz
83,foam_poisson,foam,5:0.31|6:0.41|7:0.24|8:0.04,54,162,0.1,0.3083440930024813,0.11107170808208691,0.8689344707734697,0.011071708082086906,0.011841907227598073,0.11748762068697138,0,ok,,0.00018242376204270823,C:\Users\doron\Documents\GitHub\MATERIALIZE\Phase 5\networks\g1_2_freed\UNTRUSTED_g12_foam_poisson_p010.npz
84,foam_poisson,foam,5:0.31|6:0.41|7:0.24|8:0.04,54,162,0.2,0.3083440930024813,0.20123766460582276,0.9712047974356042,0.0012376646058227525,0.003384762505041325,1.019647329873466e-11,1,ok,,1.2988430889995774e-05,C:\Users\doron\Documents\GitHub\MATERIALIZE\Phase 5\networks\g1_2_freed\design_g12_foam_poisson_p020.npz
85,foam_poisson,foam,5:0.31|6:0.41|7:0.24|8:0.04,54,162,0.3,0.3083440930024813,0.30025164158265927,1.0862075864698675,0.00025164158265927883,0.003862048373889595,1.2157218967115308e-12,1,ok,,1.4978741128239763e-05,C:\Users\doron\Documents\GitHub\MATERIALIZE\Phase 5\networks\g1_2_freed\design_g12_foam_poisson_p030.npz
86,foam_poisson,foam,5:0.31|6:0.41|7:0.24|8:0.04,54,162,0.4,0.3083440930024813,0.33356708336905866,1.0736374284985855,0.06643291663094136,0.01939075135503949,1.1191344921659231e-12,1,ok,,0.004789333650210392,C:\Users\doron\Documents\GitHub\MATERIALIZE\Phase 5\networks\g1_2_freed\design_g12_foam_poisson_p040.npz
87,foam_poisson,foam,5:0.31|6:0.41|7:0.24|8:0.04,54,162,0.6,0.3083440930024813,0.3389406093771034,1.0776354210513317,0.26105939062289657,0.02027311479812148,8.451710570356248e-13,1,ok,,0.06856300461604192,C:\Users\doron\Documents\GitHub\MATERIALIZE\Phase 5\networks\g1_2_freed\design_g12_foam_poisson_p060.npz
88,foam_poisson,foam,5:0.31|6:0.41|7:0.24|8:0.04,54,162,0.9,0.3083440930024813,0.340169359428914,1.0755140049297514,0.559830640571086,0.02071942699592082,1.1152748648335376e-12,1,ok,,0.3138396407773188,C:\Users\doron\Documents\GitHub\MATERIALIZE\Phase 5\networks\g1_2_freed\design_g12_foam_poisson_p090.npz
89,flipped_tri_f8,flipped,4:0.02|5:0.18|6:0.62|7:0.14|8:0.04,56,168,-0.95,0.29112897026245793,-0.05715417651873375,0.7321232997469547,0.8928458234812662,0.02637751727019094,0.5764563720598376,0,ok,,0.7394558189033067,C:\Users\doron\Documents\GitHub\MATERIALIZE\Phase 5\networks\g1_2_freed\UNTRUSTED_g12_flipped_tri_f8_m095.npz
90,flipped_tri_f8,flipped,4:0.02|5:0.18|6:0.62|7:0.14|8:0.04,56,168,-0.75,0.29112897026245793,-0.05715417651873375,0.7321232997469547,0.6928458234812662,0.02637751727019094,0.5764563720598376,0,ok,,0.4356559581280913,C:\Users\doron\Documents\GitHub\MATERIALIZE\Phase 5\networks\g1_2_freed\UNTRUSTED_g12_flipped_tri_f8_m075.npz
91,flipped_tri_f8,flipped,4:0.02|5:0.18|6:0.62|7:0.14|8:0.04,56,168,-0.5,0.29112897026245793,-0.05715417651873375,0.7321232997469547,0.4428458234812662,0.02637751727019094,0.5764563720598376,0,ok,,0.1684061321590718,C:\Users\doron\Documents\GitHub\MATERIALIZE\Phase 5\networks\g1_2_freed\UNTRUSTED_g12_flipped_tri_f8_m050.npz
92,flipped_tri_f8,flipped,4:0.02|5:0.18|6:0.62|7:0.14|8:0.04,56,168,-0.3,0.29112897026245793,-0.05715417651873375,0.7321232997469547,0.24284582348126624,0.02637751727019094,0.5764563720598376,0,ok,,0.044606271383856214,C:\Users\doron\Documents\GitHub\MATERIALIZE\Phase 5\networks\g1_2_freed\UNTRUSTED_g12_flipped_tri_f8_m030.npz
93,flipped_tri_f8,flipped,4:0.02|5:0.18|6:0.62|7:0.14|8:0.04,56,168,-0.1,0.29112897026245793,-0.05715417651873375,0.7321232997469547,0.042845823481266254,0.02637751727019094,0.5764563720598376,0,ok,,0.0008064106086406338,C:\Users\doron\Documents\GitHub\MATERIALIZE\Phase 5\networks\g1_2_freed\UNTRUSTED_g12_flipped_tri_f8_m010.npz
94,flipped_tri_f8,flipped,4:0.02|5:0.18|6:0.62|7:0.14|8:0.04,56,168,0.1,0.29112897026245793,0.10079555781895558,0.8704979744907104,0.0007955578189555723,0.00969142425539232,0.08307112957011932,0,ok,,3.322408204427422e-05,C:\Users\doron\Documents\GitHub\MATERIALIZE\Phase 5\networks\g1_2_freed\UNTRUSTED_g12_flipped_tri_f8_p010.npz
95,flipped_tri_f8,flipped,4:0.02|5:0.18|6:0.62|7:0.14|8:0.04,56,168,0.2,0.29112897026245793,0.20025149427858216,0.9723896613244837,0.00025149427858214835,0.00438690702508779,9.255670732658602e-12,1,ok,,1.9308202618831465e-05,C:\Users\doron\Documents\GitHub\MATERIALIZE\Phase 5\networks\g1_2_freed\design_g12_flipped_tri_f8_p020.npz
