name,seed_name,n_tri,gap_stored,gap_new,gap_physical,err_stored,err_new,nu_min,nu_max,nu_min_sim,nu_max_sim
demo0.npz,?,336,nan,1.3667760495857975e-13,4.755795798176198e-13,nan,nan,0.33333333333323534,0.3333333333333332,0.3333333333333013,0.3333333333333348
demo1.npz,?,336,nan,0.0007816625524214062,4.617992281307095e-13,nan,nan,0.274107032397523,0.36108794404986505,0.2741661514099768,0.36124755598071756
design_aniso4_0.npz,random_graded_n90_s4,180,0.004205152263360212,0.029732097370635084,1.261617757644069e-10,0.2714301823217059,0.28945004198962154,-0.01058205997154146,0.2355544922458715,-0.009230217076694802,0.2369111095868019
design_aniso4_1.npz,random_graded_n90_s8,180,0.004159281063899373,0.01258472169916057,2.019196096677873e-11,0.27148478578727475,0.37256064114823256,0.07253464503111912,0.23523727988364512,0.07385724636191307,0.23648680013724152
design_aniso4_2.npz,random_graded_n90_s12,180,0.0040880244416522105,0.008832999186778172,3.439128403021724e-11,0.27219248719720535,0.4307886836893276,0.13012500333427124,0.2350250754410699,0.1312605698165799,0.23593891817838988
design_aniso4_3.npz,random_uniform_n90_s7,180,0.0036937756869093313,0.014222280766197725,4.873884382575413e-11,0.27285460183321875,0.3367100307587193,0.03670480948018343,0.2351635148583612,0.037815896576026124,0.23634086254318878
design_aniso4_4.npz,random_uniform_n90_s11,180,0.003962070542706281,0.02465501032316694,6.147884478885251e-11,0.27434481921243303,0.3042226426956573,0.004216101485403267,0.23427437539052642,0.005508992893154819,0.23562506433110228
design_aniso4_5.npz,tiling_kagome_r3,108,0.004192635031003589,0.028332186253504994,2.7719891045357713e-11,0.2744815924106586,0.2747304437913499,-0.03584494994121345,0.2331115265855209,-0.034425415077563984,0.2346940670709875
design_aniso4_6.npz,random_uniform_n90_s3,180,0.004116507577754114,0.026801868288176448,4.466364374128012e-11,0.27462598912490643,0.2962796645164133,-0.003730027382485653,0.2350260774902004,-0.002412227050488324,0.23629260198762905
design_aniso4_7.npz,bravais_phi0.7_psi0.6_eta0.2_s0,576,0.006092694089126688,0.02847495671875351,1.0293031999953487e-09,0.27769051409236933,0.30194642441460207,0.0019390890119355506,0.2321100995950196,0.003305698495813588,0.23375162714241482
design_aniso4_8.npz,tiling_square_r4,32,0.00274890083985177,0.015080953760989743,2.962128573519151e-12,0.27886904968148496,0.27909032596326644,-0.029890039627812885,0.23406498769349982,-0.02918242196481862,0.2351952357870771
design_aniso4_9.npz,flipped_rand_f6_s104,170,0.003686858640837785,0.023959131732841706,6.308263900248034e-09,0.2797244762094303,0.28541156521509564,-0.01461339302300278,0.23245861050861774,-0.013432969046845052,0.23380142141076807
design_aniso4pos_0.npz,random_graded_n90_s4+pos,180,0.004147843977080762,0.029137909110747432,5.570839070649777e-11,0.2730416490566927,0.29019445286302437,-0.009842494337158166,0.2342250297714903,-0.00850112567741271,0.23557513768106414
design_aniso4pos_1.npz,random_graded_n90_s8+pos,180,0.003746954125149249,0.01497484708023694,4.370784746614696e-11,0.27155836195681604,0.33466471570168715,0.03464166648392892,0.233633549573897,0.03577120027088058,0.2346966883989707
design_aniso4pos_2.npz,random_graded_n90_s12+pos,180,0.003419764693531613,0.010348135243385523,2.943740643015817e-11,0.27535457989498646,0.3827462644270493,0.08198254352000212,0.2338483064365213,0.08314374653402949,0.23492770491688
design_aniso4pos_3.npz,random_uniform_n90_s7+pos,180,0.0037219123452060243,0.015943042824016172,4.824265115190357e-11,0.2752803438161092,0.33222811161929394,0.032200427356491305,0.2338679330873548,0.033407762471774696,0.2351512210974338
design_aniso4pos_4.npz,random_uniform_n90_s11+pos,180,0.006239439159587357,0.020255103436259726,1.2181349653166521e-10,0.2744658173402136,0.37944433588049664,0.07839179042937676,0.23212289683131304,0.08063158459142385,0.23377252802032758
design_aniso_0.npz,tiling_square_r4,32,0.0020427796954598076,0.00820332876489003,4.191438363743743e-11,0.35248981252265865,0.3637764073867772,0.0518194059890271,0.24361086062029932,0.05249014442397108,0.24431574140429357
design_aniso_1.npz,random_uniform_n90_s11,180,0.0021357044034791065,0.00866959867015835,2.4103615108517672e-11,0.3534962951690109,0.3626029257547404,0.05279052590785241,0.24176255185036183,0.05349627403388303,0.24249774922578937
design_aniso_2.npz,random_graded_n90_s12,180,0.002344334695060759,0.0113735597465665,2.221907598096094e-10,0.35417995792405144,0.3850919866033935,0.053211615960716475,0.2837626444641237,0.05418002677451311,0.2848084562673454
design_aniso_3.npz,random_graded_n90_s8,180,0.002282582762711309,0.007473905129366819,3.1423344000919125e-11,0.35449494761075173,0.3980795065362506,0.05388633631592036,0.3037713196041859,0.05449500745162412,0.30460611470498494
design_aniso_4.npz,flipped_rand_f6_s104,170,0.0022832214913626886,0.010649751579558919,3.5776324944886984e-10,0.3546406557648515,0.3537375772769914,0.05373757727699139,0.19482834375339506,0.05463985422049278,0.19564133492751898
design_aniso_5.npz,random_poisson_disk_n90_s5,174,0.002502961496777631,0.011108538990677796,2.259775482041566e-11,0.354674212118005,0.35373144368636183,0.053731443686361825,0.12862476731712288,0.05467417326176784,0.12955468766855807
design_aniso_6.npz,flipped_rand_f6_s106,170,0.0028710986896168522,0.01333018051730162,8.211512924007743e-11,0.35476693841407536,0.3536185992185443,0.05361859921854435,0.17154151371648665,0.05476610960049367,0.17256608891902522
design_aniso_7.npz,jitter_random_poisson_disk_n90_s1,170,0.0020883585008657918,0.009355052460830708,2.3029273125974396e-11,0.3548376502030587,0.354038151170017,0.05403815117001706,0.166128758134232,0.05483763711648423,0.16692841848172213
design_aniso_8.npz,random_poisson_disk_n90_s9,184,0.002716214926326413,0.011168882625725397,5.756348388096777e-09,0.3549517122646536,0.35403508162174996,0.05403508162174995,0.17849074255903719,0.05495042580382557,0.17941573717660722
design_aniso_9.npz,random_graded_n90_s4,180,0.0033579932304880003,0.01257252058014789,3.534611675396154e-11,0.35507892311000405,0.4406895536021004,0.05403914426626549,0.36086480216018657,0.05507873770381896,0.3616651828372102
design_auxetic_0.npz,random_poisson_disk_n70_s0,140,0.003972052534410991,0.03277343309581778,7.446612065479809e-08,0.026585188092127315,0.2510170821137602,-0.17633212887219557,0.05101708211376022,-0.1746237508532043,0.05253595736543088
design_auxetic_1.npz,flipped_rand_f6_s101,140,0.004519628713544971,0.025730003598691955,6.491989928383342e-11,0.027741967654969585,0.3301816357804841,-0.1748283426017707,0.1301816357804841,-0.1731457920062345,0.13149122851470127
design_auxetic_2.npz,jitter_random_poisson_disk_n70_s0,140,0.003868325006056633,0.028484283530383427,1.0002815176729455e-11,0.027907005050287148,0.2850875632331552,-0.1738421890503383,0.08508756323315518,-0.17238564179157445,0.08642376025492803
design_auxetic_3.npz,random_graded_n70_s3,140,0.005581618344300016,0.04054427812017872,1.022369806439632e-09,0.029963474176915333,0.49025490413649486,-0.17364943875799316,0.29025490413649485,-0.17189412165843945,0.291310588893422
design_auxetic_4.npz,flipped_reg_f6_s100,336,0.006449349677750155,1.389143964140647,1.4470471200630892,0.03427788698285528,0.2569910280611411,-0.1682462823698956,0.05699102806114108,-0.1661915258283525,0.058464133174204215
design_demo_0.npz,flipped_rand_f5_s101,96,0.0028128357143817288,0.021168087409100148,1.3884979164441128e-11,0.010195739563804693,0.2640033063621063,0.007991084477842738,0.2640033063621063,0.009165325914917245,0.2652089788909144
design_demo_1.npz,tiling_square_r4,32,0.002305702391432518,0.015442935848676264,5.567387608369205e-06,0.012398203177699397,0.24305255051618063,0.011490997709058282,0.24305255051618063,0.012389717300176926,0.2436544505805135
design_demo_2.npz,random_poisson_disk_n50_s0,96,0.002180610535226257,0.014818152220881241,1.5327733897287934e-12,0.01357665654419768,0.1957590211172881,0.0112794650473576,0.1957590211172881,0.01212329482131009,0.19653008530915472
design_ds_num030_E100_0.npz,random_graded_n120_s7,240,0.005094156720764409,0.04438818840970563,3.8620046523764725e-09,0.04278252011465078,0.43194791439492963,-0.25993383464310277,0.13194791439492967,-0.2581621414428736,0.1338725071789575
design_ds_num030_E100_1.npz,random_poisson_disk_n120_s4,230,0.005483388578974457,0.037805973746732245,6.523074720643427e-11,0.04295223472846171,0.3487949034541463,-0.2618605795648897,0.04879490345414636,-0.2596605702774315,0.050804163609395235
design_ds_num030_E100_2.npz,random_graded_n120_s3,240,0.00270525530855259,0.017625937885938636,8.596676469601699e-07,0.04438949344864512,0.5432823224352508,-0.25761059981796114,0.24328232243525078,-0.2565903241322365,0.24416965093761656
design_ds_nup000_E100_0.npz,random_poisson_disk_n120_s4,230,0.0022374801903061194,0.020182100132460693,5.249950990915804e-12,0.00935968573222176,0.23320391077079047,0.008204388126080805,0.23320391077079047,0.009343521564672363,0.23424525103778945
design_ds_nup000_E100_1.npz,random_graded_n120_s7,240,0.0033033345807955625,0.018792779611022693,2.2850731550771567e-11,0.012369105373034062,0.2788738122344023,0.011284647371543532,0.2788738122344023,0.012364420592242695,0.2799285722345788
design_ds_nup000_E100_2.npz,flipped_rand_f6_s103,228,0.003318196210472548,0.019481128136392273,1.8582595048293063e-10,0.013214244765956187,0.2200166586413589,0.012071961483087206,0.22001336137577823,0.013183617482945612,0.2209577344246975
design_ds_nup030_E100_0.npz,random_blue_noise_n120_s1,240,0.000540584087694862,0.0007758486250001287,9.498747505528317e-10,0.003078410895901884,0.05294728940926019,0.3012254616753946,0.33874395679076436,0.3013429705767526,0.3388294261480143
design_ds_nup030_E100_1.npz,flipped_reg_f6_s102,336,0.0074956934106181206,0.0004907482238621533,1.2399148624198387e-12,0.004588456635283622,0.022189911064477652,0.30237115782190865,0.3179425579705788,0.30249862393161747,0.31805752509579144
design_ds_nup030_E100_2.npz,jitter_bravais_reg,336,0.00019535301748291323,0.00034777501975155297,3.654837750473519e-13,0.006265886454592806,0.024010803241237832,0.30305364445639144,0.3192099235090965,0.3031351720471591,0.31928612001565737
design_posdefault_0.npz,random_poisson_disk_n40_s0+pos,86,0.0038879456956694702,0.026173093093233422,7.124971169583136e-12,0.021323312410663042,0.3151879502350331,-0.13096016541649538,0.16518795023503308,-0.12957765900284673,0.16669748379659236
design_posdemo_0.npz,bravais_reg_half5+pos,240,0.0038952692053325633,0.03063535134391987,4.0498418814580624e-10,0.029618901443548812,0.1693124964809951,-0.12282026490497452,0.019312496480995107,-0.12122450173625098,0.02075465061710529
g1_2/design_g12_flipped_tri_f14_m010.npz,?,112,0.024576445497448224,0.25458388777042024,0.24595719934245378,nan,nan,-0.02189599591169223,0.013714747401792836,-0.021095682666872898,0.014356113711016813
g1_2/design_g12_flipped_tri_f14_m030.npz,?,112,0.03940664197606121,0.18353985902352365,0.1786536541217956,nan,nan,-0.12541133211415437,-0.0689348417795214,-0.12451803975120905,-0.06832262382730467
g1_2/design_g12_flipped_tri_f14_m050.npz,?,112,0.03940664197606121,0.18353985902352365,0.1786536541217956,nan,nan,-0.12541133211415437,-0.0689348417795214,-0.12451803975120905,-0.06832262382730467
g1_2/design_g12_flipped_tri_f14_m075.npz,?,112,0.03940664197606121,0.18353985902352365,0.1786536541217956,nan,nan,-0.12541133211415437,-0.0689348417795214,-0.12451803975120905,-0.06832262382730467
g1_2/design_g12_flipped_tri_f14_m095.npz,?,112,0.03940664197606121,0.18353985902352365,0.1786536541217956,nan,nan,-0.12541133211415437,-0.0689348417795214,-0.12451803975120905,-0.06832262382730467
g1_2/design_g12_flipped_tri_f14_p010.npz,?,112,0.04414660536877296,0.10482981597816879,0.10279298864212172,nan,nan,0.13122594535413484,0.2485828107446128,0.1317067374066424,0.2491027262494629
g1_2/design_g12_flipped_tri_f14_p020.npz,?,112,0.0009222342103100689,0.0017305959330221918,3.05201410613697e-12,nan,nan,0.1962737656358058,0.31653475463667147,0.19658695386505493,0.31686382329011015
g1_2/design_g12_flipped_tri_f14_p030.npz,?,112,0.005498782314640627,0.012865504398969465,0.012593390245540882,nan,nan,0.273642549412138,0.3498384361292102,0.2737448068749606,0.34998532435984864
g1_2/design_g12_flipped_tri_f14_p040.npz,?,112,0.0006376082487813961,0.0009892600967846793,2.5430392860556155e-12,nan,nan,0.27678117247112044,0.37850842729293765,0.27693261847082795,0.37868268999928945
g1_2/design_g12_flipped_tri_f14_p060.npz,?,112,0.0003996001458761167,0.0005829613086069796,1.6011124304566825e-12,nan,nan,0.2854371804610271,0.39440739038657635,0.2855781068374271,0.3945241256463431
g1_2/design_g12_flipped_tri_f14_p090.npz,?,112,0.0003996001458761167,0.0005829613086069796,1.6011124304566825e-12,nan,nan,0.2854371804610271,0.39440739038657635,0.2855781068374271,0.3945241256463431
g1_2/design_g12_flipped_tri_f8_m010.npz,?,112,0.04726208795299042,0.5018471802552993,0.4929551056066764,nan,nan,-0.003194157008007971,0.036064126299615716,-0.0023808052750348666,0.03699829329293708
g1_2/design_g12_flipped_tri_f8_p010.npz,?,112,0.03945109387448392,0.1067034822599147,0.1039014825114991,nan,nan,0.12995106051620933,0.21302880513312014,0.130523979025201,0.21364258779746162
g1_2/design_g12_flipped_tri_f8_p020.npz,?,112,0.03486432615671556,0.07808809274228566,0.07732302745075817,nan,nan,0.21195383398017623,0.27771311802864496,0.21226369930644975,0.27805416152158247
g1_2/design_g12_flipped_tri_f8_p030.npz,?,112,0.0003657635629460976,0.0004784314872047351,4.5187318565546074e-13,nan,nan,0.3021303856568578,0.3557241704811526,0.30222739111086755,0.35586355811989684
g1_2/design_g12_flipped_tri_f8_p040.npz,?,112,0.0003994390307659468,0.0005808833428048244,1.1327816811167632e-12,nan,nan,0.3028879312120829,0.3524752338084804,0.3029980253645407,0.35260453659423524
g1_2/design_g12_flipped_tri_f8_p060.npz,?,112,0.0004231662842949513,0.0006091925272968968,1.318063484331313e-12,nan,nan,0.3059458923494044,0.35496360117450976,0.3060584034244345,0.3551011876187101
g1_2/design_g12_flipped_tri_f8_p090.npz,?,112,0.0003994390307659468,0.0005808833428048244,1.1327816811167632e-12,nan,nan,0.3028879312120829,0.3524752338084804,0.3029980253645407,0.35260453659423524
g1_2/design_g12_foam_poisson_m030.npz,?,108,0.0006236181362928583,0.0010100722782150305,4.4330714637486777e-13,nan,nan,0.2613441655996346,0.3149708506265982,0.26156530092349295,0.3151451265247505
g1_2/design_g12_foam_poisson_p010.npz,?,108,0.025874129670485635,0.06253977295071322,0.06470776003236225,nan,nan,0.14433219799332309,0.21641979300914466,0.14491911254559015,0.21707102928976768
g1_2/design_g12_foam_poisson_p020.npz,?,108,0.0009165731549965195,0.001959691554857636,1.837588974707584e-12,nan,nan,0.2019980420952901,0.29422735337649053,0.2023944316878684,0.2945932223286594
g1_2/design_g12_foam_poisson_p030.npz,?,108,0.0003371336126944957,0.0005018582556636829,4.165001141021127e-13,nan,nan,0.30156030162130976,0.34956476675488773,0.3016866183000117,0.34968797404803215
g1_2/design_g12_foam_poisson_p040.npz,?,108,0.0004405773614190034,0.0006168758094938298,3.788977962345152e-13,nan,nan,0.30942329757789605,0.3435363781672556,0.3095794700835174,0.3436787099370075
g1_2/design_g12_foam_poisson_p060.npz,?,108,0.0004405773614190034,0.0006168758094938298,3.788977962345152e-13,nan,nan,0.30942329757789605,0.3435363781672556,0.3095794700835174,0.3436787099370075
g1_2/design_g12_foam_poisson_p090.npz,?,108,0.0004393998914420383,0.0006134983141314479,3.185586018513466e-13,nan,nan,0.3067491693108917,0.3412389933443808,0.3069037820675881,0.3413793413971105
g1_2/design_g12_kagome_m050.npz,?,108,0.028440379319837228,0.10475933423352547,0.1005193402942498,nan,nan,0.06462203908311226,0.10263533322124826,0.06531985376900645,0.10363790121662325
g1_2/design_g12_kagome_p010.npz,?,108,0.020578329457474648,0.05021949618435678,0.047500190663356257,nan,nan,0.10829376722354336,0.24100029398341094,0.10882012668147857,0.24176531424305314
g1_2/design_g12_kagome_p020.npz,?,108,0.0017769073818138525,0.0025295126436954384,7.027639554061656e-12,nan,nan,0.19962498404512188,0.3188398334232007,0.2000071277057936,0.31937595768378896
g1_2/design_g12_kagome_p030.npz,?,108,0.0007861475766834936,0.0010425798179278685,2.018972197370625e-12,nan,nan,0.2611568122170039,0.38235133139673916,0.2613409696698724,0.382624061050885
g1_2/design_g12_kagome_p040.npz,?,108,0.0007330563157606496,0.0009579425561991827,2.052206513556574e-12,nan,nan,0.2653836230877925,0.3970165839007506,0.26554730737696824,0.3972842532846099
g1_2/design_g12_kagome_p060.npz,?,108,0.0007039949384583521,0.0008634511411714906,1.2433845894104208e-12,nan,nan,0.2716190148549107,0.40958796884203214,0.27177433304100773,0.40983355614266725
g1_2/design_g12_kagome_p090.npz,?,108,0.0007298369486463119,0.0008812719403418399,1.4655922522972578e-12,nan,nan,0.2740992075883457,0.40911367710687785,0.2742537577196011,0.40936144745392267
g1_2/design_g12_reentrant_honeycomb_p030.npz,?,129,0.04867561619195815,0.092173763216634,0.12100797197591837,nan,nan,0.21365573197158358,0.35587206206005434,0.21143120348209865,0.35007128417292777
g1_2/design_g12_reentrant_honeycomb_p090.npz,?,129,0.04226333908474941,0.06093201558517136,0.09631588771230376,nan,nan,0.2097931361785389,0.362451657323543,0.2073457464832416,0.35393159092853754
g1_2/design_g12_tetrakis_m010.npz,?,144,0.0461635157162769,0.5608611501676379,0.5536485255978038,nan,nan,-0.024076206433304426,0.0928285672657008,-0.02317000000308244,0.0936162124379102
g1_2/design_g12_tetrakis_p010.npz,?,144,0.018651251431230864,0.11055965705291315,0.10923674844617194,nan,nan,0.1205080207448627,0.2474152431710641,0.12118214927374171,0.24792781285316215
g1_2/design_g12_tetrakis_p020.npz,?,144,0.007726687845876518,0.020078585249716858,0.018821539122112773,nan,nan,0.2062556937544513,0.2826897802820012,0.20679191433865274,0.28316698272733354
g1_2/design_g12_tetrakis_p030.npz,?,144,0.0003532083802321728,0.0005128718876285189,5.377757475856625e-13,nan,nan,0.300623604401199,0.3272486104645419,0.3007583708097482,0.32736976594407524
g1_2/design_g12_tetrakis_p040.npz,?,144,0.00029936915127426467,0.00041379883724568516,7.687061269179102e-13,nan,nan,0.3055326712882715,0.34414033751201684,0.30564146191114117,0.3442409980072259
g1_2/design_g12_tetrakis_p060.npz,?,144,0.0004309840373162843,0.0006068712146949199,2.3237979574234814e-12,nan,nan,0.2984394614072833,0.3576321671839108,0.2985846799584523,0.3577720062429817
g1_2/design_g12_tetrakis_p090.npz,?,144,0.0004309840373162843,0.0006068712146949199,2.3237979574234814e-12,nan,nan,0.2984394614072833,0.3576321671839108,0.2985846799584523,0.3577720062429817
g1_2/design_g12_triangular_m010.npz,?,112,0.04012564857588122,0.3759329809413164,0.35464418138851483,nan,nan,-0.04685913263595613,0.047332422275782465,-0.04580984955872961,0.048291731840485436
g1_2/design_g12_triangular_m030.npz,?,112,0.03514007938775718,0.3835829630730065,0.3749745543644102,nan,nan,0.00846976139175502,0.042918652051067416,0.009298006676323054,0.04384331751305264
g1_2/design_g12_triangular_m050.npz,?,112,0.03514007938775718,0.3835829630730065,0.3749745543644102,nan,nan,0.00846976139175502,0.042918652051067416,0.009298006676323054,0.04384331751305264
g1_2/design_g12_triangular_m075.npz,?,112,0.03514007938775718,0.3835829630730065,0.3749745543644102,nan,nan,0.00846976139175502,0.042918652051067416,0.009298006676323054,0.04384331751305264
g1_2/design_g12_triangular_m095.npz,?,112,0.03514007938775718,0.3835829630730065,0.3749745543644102,nan,nan,0.00846976139175502,0.042918652051067416,0.009298006676323054,0.04384331751305264
g1_2/design_g12_triangular_p000.npz,?,112,2.861838119044835e-05,4.4453663943807305e-05,4.724083698989241e-13,nan,nan,0.3290915304003198,0.3302911272018965,0.329103593621272,0.3303031878130828
g1_2/design_g12_triangular_p010.npz,?,112,0.010490450443894128,0.08664419660548803,0.08506973283414264,nan,nan,0.12433938513109373,0.1724790262090952,0.12487078426682453,0.1729811087965242
g1_2/design_g12_triangular_p020.npz,?,112,0.0008141249488941849,0.0018049102057384086,1.6849968459204454e-12,nan,nan,0.21139735757418493,0.2506940604154017,0.21175830460652098,0.2510621873785346
g1_2/design_g12_triangular_p030.npz,?,112,0.00023218984205797266,0.00037138742386598836,4.3822152709514807e-13,nan,nan,0.29898241028979494,0.32283551955714446,0.2990617884199367,0.3229159019808768
g1_2/design_g12_triangular_p040.npz,?,112,0.0002977071248136953,0.0004405358136001915,8.131127985439005e-13,nan,nan,0.3218918785366988,0.34271248972575036,0.32196985083790547,0.34276544924579927
g1_2/design_g12_triangular_p060.npz,?,112,0.00028513487182835195,0.0004010414732961757,1.1454281596715836e-12,nan,nan,0.32691072751365563,0.34290763658075213,0.3269759261344244,0.34292945648522594
g1_2/design_g12_triangular_p090.npz,?,112,0.00029118415078038806,0.0004169514080645661,1.1263093088088278e-12,nan,nan,0.32514539304017526,0.34252982738259025,0.32521388102411725,0.3425492707991497
goal1/design_g1_0.npz,random_blue_noise_n48_s1041,96,0.00815453661796306,0.631075376885841,0.6334782847761595,nan,nan,-0.8233730484504936,-0.1907628685520957,-0.821728904908207,-0.18877993558239653
goal1/design_g1_1.npz,bravais_phi0.8_psi0.8_eta0.0_s0,120,0.0032258488661364784,0.024054595835802956,1.1373450483921935e-12,nan,nan,-0.06104052862239954,0.2568350346591513,-0.05964156030015642,0.25776903637493803
goal1/design_g1_10.npz,random_uniform_n55_s1042,110,0.058976625605061395,0.02357018550667886,3.242807200076795e-11,nan,nan,-0.42403225761904056,0.07541281211283807,-0.4226606221099172,0.07670232420252451
goal1/design_g1_100.npz,random_poisson_disk_n50_s1028,102,0.017448267101798032,0.0006274629735527265,3.6807843112230464e-13,nan,nan,0.3999746979071885,0.49753868153206293,0.4001451319150239,0.49768573290313406
goal1/design_g1_101.npz,auxetic_rotating_squares_t30.0_r4,64,0.0007422559020946462,0.0008718971207116537,4.090195148434524e-13,nan,nan,0.3968777720620276,0.4877086665564072,0.3971021849055151,0.487928557902523
goal1/design_g1_102.npz,random_graded_n59_s1047,118,0.0010296423366160656,0.0011521618253965786,8.672419047006496e-12,nan,nan,0.34128626213503405,0.41462673802958,0.3415700598717616,0.4149903752972601
goal1/design_g1_103.npz,tiling_honeycomb_r4,128,0.001897671780538476,0.0037490631513877734,1.486598938763105e-12,nan,nan,0.163538909448761,0.2924747884226709,0.16416715041317945,0.2932628067282708
goal1/design_g1_104.npz,random_poisson_disk_n40_s1000,74,0.0003264743591263608,0.00046602314831925107,4.353175135961694e-13,nan,nan,0.2732844568313574,0.3353206096210869,0.2733787230404238,0.3354525995416515
goal1/design_g1_105.npz,random_blue_noise_n51_s1037,102,0.05606690125761682,0.0009950637989795462,1.2986915868456118e-12,nan,nan,0.4499993814799981,0.6160769228195597,0.45027245016604756,0.6163540016689727
goal1/design_g1_106.npz,random_uniform_n52_s1046,104,0.05004191736836605,0.00102809987935984,1.2165757757668633e-12,nan,nan,0.4354406434715072,0.5377068999634395,0.4357057960744047,0.5380333073900755
goal1/design_g1_107.npz,auxetic_reentrant_honeycomb_v1.5_r6,291,0.06805386236602362,0.08975861008565797,0.09352929495431506,nan,nan,0.2705461204656845,0.49645643798186334,0.269986414636451,0.495286998836214
goal1/design_g1_108.npz,bravais_phi1.0_psi1.2_eta0.2_s0,72,0.00022819849820993054,0.008063262701103068,0.007832629995527708,nan,nan,0.2220269714407907,0.3761013300407197,0.22208023794059265,0.37615962099253986
goal1/design_g1_109.npz,bravais_phi0.8_psi0.8_eta0.2_s1,120,0.00041265697747389085,0.0007424788602341977,7.21464993966961e-13,nan,nan,0.22440281539672632,0.36574444504108916,0.22454746007223744,0.3659167184402679
goal1/design_g1_11.npz,bravais_phi1.2_psi1.0_eta0.2_s1,60,0.0033428113549678895,0.01940678542720363,4.442323174436956e-12,nan,nan,-0.20327367037431845,0.05761820483597856,-0.20222849784598373,0.05866184585941928
goal1/design_g1_12.npz,bravais_phi1.2_psi0.8_eta0.2_s0,120,0.0011158708607459378,0.0022705401361430575,2.269091422979347e-12,nan,nan,0.14571443538949758,0.2609547343912248,0.14604555482875703,0.2614249040685472
goal1/design_g1_13.npz,bravais_phi1.0_psi1.0_eta0.2_s1,72,0.0025304410062083893,0.004928946077629041,0.0038187385071033223,nan,nan,0.23653182912811238,0.2625902490700618,0.23681527373794017,0.26288398280695635
goal1/design_g1_14.npz,random_uniform_n45_s1014,90,0.0023016103424939316,0.004022747230385062,2.6313978905622137e-11,nan,nan,0.19736976620025817,0.31067475336652706,0.19811577228490518,0.3114213716020692
goal1/design_g1_15.npz,flipped_s306_f8,110,0.0029301275038094987,0.019642306683394246,2.035473663490618e-12,nan,nan,-0.2745336321896028,0.08599186265978978,-0.2732953810684322,0.0871342621205198
goal1/design_g1_16.npz,random_blue_noise_n44_s1005,88,0.0021479155057130828,0.016206488504996067,2.0687136589345923e-12,nan,nan,-0.05679252009313936,0.17447745619758204,-0.05580562441183235,0.17528635970122153
goal1/design_g1_17.npz,auxetic_rotating_squares_t20.0_r4,64,0.0008735061179324793,0.0028154896641725026,2.400431616042563e-13,nan,nan,0.11188625369993142,0.2528373301635269,0.11227597932145655,0.25320645968514827
goal1/design_g1_18.npz,flipped_s311_f8,106,0.021572791419420367,0.0019931436158736235,9.596270686742768e-13,nan,nan,0.21518363101794247,0.2635735555415831,0.21558644214882816,0.2640369447511993
goal1/design_g1_19.npz,random_uniform_n61_s1034,122,0.001925346195404798,0.003349747113872064,1.9257789767525927e-11,nan,nan,0.2143567453574674,0.3329183367348361,0.2148804646416368,0.33353259720785583
goal1/design_g1_2.npz,random_uniform_n64_s1030,128,0.002447096438908211,0.005734496721608665,1.1334824922354769e-11,nan,nan,0.1052998664870003,0.14972274396152524,0.10596606717434014,0.1506065714093953
goal1/design_g1_20.npz,random_blue_noise_n66_s1017,132,0.003370156555528664,0.023999650108965882,7.816766368631589e-12,nan,nan,-0.14530298563675614,0.24432542555127243,-0.14387675185856547,0.24565420419016706
goal1/design_g1_21.npz,random_blue_noise_n69_s1013,138,0.0024684749491982946,0.019100496452129755,3.755684137476337e-12,nan,nan,-0.03659492575576783,0.2564449170569656,-0.035575902035033115,0.2573306511250727
goal1/design_g1_22.npz,flipped_s300_f8,72,0.009154656116996535,0.0023498571384140397,6.524724374334764e-13,nan,nan,0.1463249166977751,0.20884788309222407,0.14670394390649383,0.2092782352299317
goal1/design_g1_23.npz,flipped_s301_f8,108,0.0007394399958255415,0.0013849170578662065,7.329451572420214e-13,nan,nan,0.214943691176487,0.31499329848079,0.21521120418702644,0.3153227893684265
goal1/design_g1_24.npz,random_poisson_disk_n69_s1044,144,0.011063956171230072,0.0006753659289696821,4.049115036898887e-13,nan,nan,0.2535386899912291,0.32928739595626966,0.25368824625667197,0.32943206676601117
goal1/design_g1_25.npz,random_poisson_disk_n68_s1004,134,0.0017098317470453407,0.014125215059389356,5.032262404668704e-13,nan,nan,-0.00015854850500090026,0.2541687933354661,0.0005132994997235963,0.2548298736987275
goal1/design_g1_26.npz,bravais_phi1.2_psi1.2_eta0.0_s0,60,0.001978203096401373,0.015106710991549949,5.164662832368378e-13,nan,nan,-0.010099934654749093,0.42781610790180524,-0.009279640042602837,0.4284958867355141
goal1/design_g1_27.npz,bravais_phi1.4_psi1.0_eta0.2_s1,120,0.0011135838567238598,0.0024578722300827886,1.066835282696492e-12,nan,nan,0.13081844499939593,0.32485801687188465,0.13114936440869704,0.3253270538507538
goal1/design_g1_28.npz,random_graded_n40_s1031,80,0.06993686437745744,0.003506504444349345,2.7638999930020616e-11,nan,nan,0.1655966649527346,0.27592049087593445,0.16614092872689842,0.27655069131811344
goal1/design_g1_29.npz,bravais_phi1.4_psi1.2_eta0.2_s0,120,0.00047186692085970927,0.0006218918152625622,7.469001830923518e-13,nan,nan,0.1880795075023128,0.48809820275875077,0.18816974117611987,0.4882934905914789
goal1/design_g1_3.npz,flipped_s307_f8,72,0.01853716560184024,0.03585928278575519,0.0345152917024084,nan,nan,0.2230718265024658,0.25666424387232917,0.2233964047849201,0.2569952427508792
goal1/design_g1_30.npz,random_uniform_n51_s1006,102,0.0025019724757883444,0.00746049967331687,1.4889589664299265e-11,nan,nan,0.09989664858487735,0.3315748858530697,0.10082502101845875,0.3325425581135389
goal1/design_g1_31.npz,bravais_phi1.4_psi0.8_eta0.0_s0,120,0.0016723779022128071,0.004282411002465709,5.167815246415423e-13,nan,nan,0.08540069551304666,0.3637865890929054,0.08581577451250974,0.36428554281829634
goal1/design_g1_32.npz,random_uniform_n54_s1002,108,0.0020011691636993567,0.004590444634883522,1.6117853132193724e-11,nan,nan,0.1362692673060513,0.30255734920004407,0.1369091954138368,0.30332595037986165
goal1/design_g1_33.npz,tiling_kagome_r3,108,0.0012875050912398989,0.003651079723624925,1.0563693443756812e-12,nan,nan,0.12688742293208075,0.1678494196483265,0.127406905896802,0.16834485229077456
goal1/design_g1_34.npz,auxetic_rotating_squares_t15.0_r4,64,0.21462773269304655,0.2587957940600432,0.31388727306234887,nan,nan,0.16607618826903703,0.3620746591696029,0.16558354720904717,0.3590673340542313
goal1/design_g1_35.npz,bravais_phi0.8_psi1.0_eta0.0_s0,60,0.0009348297014832307,0.0019315948186948027,4.703493274894809e-13,nan,nan,0.19991372884117029,0.339291174244907,0.20028581582077198,0.3396287204663094
goal1/design_g1_36.npz,random_graded_n61_s1003,122,0.0014318715393861758,0.0026882767717446186,9.986631697228018e-12,nan,nan,0.2001126759841095,0.3535067127303546,0.20061051273352587,0.35403096803936
goal1/design_g1_37.npz,bravais_phi1.0_psi1.0_eta0.0_s0,72,0.0008861936467142173,0.0005573460257731567,4.61780297598566e-13,nan,nan,0.27932068191048837,0.3081751481578352,0.2794494031169056,0.30828636949083266
goal1/design_g1_38.npz,random_graded_n55_s1011,110,0.001609894887281138,0.0025590871390716364,5.888533369324283e-11,nan,nan,0.2139454441039934,0.32814348650093295,0.21439758655039434,0.3287984066843289
goal1/design_g1_39.npz,random_poisson_disk_n41_s1040,82,0.007430577791233961,0.0004962094387668583,3.7836198410155743e-13,nan,nan,0.253297425206057,0.34477303758053746,0.25340951058649647,0.3449228096546113
goal1/design_g1_4.npz,flipped_s308_f8,108,0.0006932153369829663,0.0014555076638020715,1.1025634238487401e-07,nan,nan,0.20317159795079698,0.263422050175699,0.2034524595663281,0.2637247203012432
goal1/design_g1_40.npz,bravais_phi1.2_psi0.8_eta0.2_s1,120,0.0006037571777693929,0.0010168347368069556,3.9688363785361e-13,nan,nan,0.2999522643118382,0.38887042918795967,0.3001969840831835,0.3890772805624342
goal1/design_g1_41.npz,tiling_square_r6,72,0.0028205638762267005,0.0021748219416411916,0.0024877081492773205,nan,nan,0.30014308554024577,0.43099353580309585,0.300257116730474,0.43110135389095344
goal1/design_g1_42.npz,bravais_phi0.8_psi1.2_eta0.2_s0,60,0.00041966378211300004,0.0005848892992887766,4.2902628547423505e-13,nan,nan,0.2377429474527792,0.4379286345650628,0.2378502327207331,0.43804243536021636
goal1/design_g1_43.npz,bravais_phi1.4_psi1.0_eta0.0_s0,120,4.5019160823278614e-05,6.135347020548922e-05,4.695396318496827e-13,nan,nan,0.21519981965430046,0.4965015248850109,0.21521040615003176,0.4965222698580186
goal1/design_g1_44.npz,random_poisson_disk_n62_s1012,116,0.0003373607476693796,0.0006151886629468028,2.7951820907943357e-13,nan,nan,0.27041351978552197,0.3138986579702266,0.27055757814851933,0.3140560500144907
goal1/design_g1_45.npz,bravais_phi1.4_psi1.2_eta0.0_s0,120,0.0016446973555480082,0.0022937769772924657,3.4789369484248164e-13,nan,nan,0.3999245630994705,0.5639004139521441,0.4002400576053939,0.5644674300053283
goal1/design_g1_46.npz,auxetic_reentrant_honeycomb_v1.5_r4,128,0.0017084369707242586,0.0014703156546790547,2.4862135336902967e-12,nan,nan,0.3816423992950325,0.6852915162164239,0.38187569414158895,0.6850811545643177
goal1/design_g1_47.npz,flipped_s312_f8,100,0.0019322500720874713,0.0005001123909123141,2.453137937290256e-13,nan,nan,0.3357095661747186,0.36659519854229744,0.3358394867640613,0.3667253481711044
goal1/design_g1_48.npz,random_blue_noise_n45_s1045,90,0.00011694930747135901,0.0001890622538391268,4.122546385620288e-13,nan,nan,0.27476337443810805,0.3666483052325559,0.27479789359920687,0.3666891087306879
goal1/design_g1_49.npz,flipped_s309_f8,104,0.004853493212077342,0.000607007826779618,2.99473762049238e-13,nan,nan,0.2847024788774165,0.3105093422677922,0.2848492879707632,0.3106659168070378
goal1/design_g1_5.npz,random_graded_n68_s1035,136,0.02910483045106249,0.10295997553519498,4.0546611347748693e-10,nan,nan,-0.6345800855556081,-0.08475670663763853,-0.6277365637104826,-0.07428384912976328
goal1/design_g1_50.npz,random_poisson_disk_n47_s1032,96,0.0013771815816192023,0.0013956257323786822,4.869735387662928e-13,nan,nan,0.4499820947690237,0.5963695780689481,0.45034273020392196,0.5966710706819077
goal1/design_g1_51.npz,bravais_phi1.4_psi0.8_eta0.2_s0,120,0.0008760145058118729,0.0009168751467218729,5.705138314759463e-13,nan,nan,0.4396158071977028,0.5546995260532882,0.43982933161693233,0.5550054869892005
goal1/design_g1_52.npz,random_graded_n52_s1015,104,0.061583949734933474,0.0013899164720600611,7.724391490098214e-12,nan,nan,0.3754355498336543,0.4230470568218233,0.3757431339569722,0.42325948425825843
goal1/design_g1_53.npz,random_blue_noise_n41_s1009,82,3.415967934999875e-05,4.21174089710756e-05,5.092662594040096e-13,nan,nan,0.34034749295680805,0.3449524595734731,0.3403583666883057,0.34495822498830314
goal1/design_g1_54.npz,flipped_s302_f8,104,0.005340551725308618,0.0006488061713518202,3.278809864081455e-13,nan,nan,0.28227371752021235,0.3047551541945358,0.2824312698309261,0.3049199943630019
goal1/design_g1_55.npz,flipped_s314_f8,72,0.026063283350481026,0.028682483845934102,0.03207134183177894,nan,nan,-0.8008811822460111,-0.1033287813045992,-0.7993094762650059,-0.09981127586388079
goal1/design_g1_56.npz,bravais_phi1.0_psi1.2_eta0.2_s1,72,0.024907829276388294,0.12236349393983328,0.13605598291065574,nan,nan,-0.2261009183366774,0.16513115087599223,-0.22519940023214796,0.165999430911363
goal1/design_g1_57.npz,random_poisson_disk_n53_s1024,100,0.0009756195410108859,0.002522678065784256,2.2151947322357955e-13,nan,nan,0.15063680432997148,0.23010764141195217,0.15102487676709833,0.23056803728915976
goal1/design_g1_58.npz,random_blue_noise_n63_s1021,126,0.0013356437498850404,0.00015438081368484503,6.986978003825282e-13,nan,nan,0.27074821525547893,0.4012044480168725,0.2707785863281588,0.4012410670141754
goal1/design_g1_59.npz,bravais_phi1.2_psi1.2_eta0.2_s1,60,0.00043230164414514993,0.0006219348751548535,6.405853224776981e-13,nan,nan,0.19174317584267705,0.4302859220223371,0.19183586584921017,0.4304806213750715
goal1/design_g1_6.npz,random_blue_noise_n57_s1029,114,0.0021852136677517203,0.016155367490552894,1.467313046714403e-12,nan,nan,-0.0668813242469887,0.260763770360923,-0.06595648753013607,0.2615686732243032
goal1/design_g1_60.npz,random_poisson_disk_n56_s1020,110,0.004463237899446804,0.01418171291896075,1.9642306901769015e-12,nan,nan,-0.6558209125853192,-0.0913190010975323,-0.6549895939303285,-0.08977799515529847
goal1/design_g1_61.npz,bravais_phi1.4_psi1.0_eta0.2_s0,120,0.012109492805403854,0.023612271245360174,4.826812078826198e-12,nan,nan,-0.20006902543557578,0.030741650834513076,-0.19898711672050526,0.03203977894473829
goal1/design_g1_62.npz,tiling_honeycomb_r3,72,0.10478592012224919,0.2005442000882245,0.1805032704544891,nan,nan,-0.07498039062763058,0.10512043356808393,-0.07377815848150054,0.10675878430955299
goal1/design_g1_63.npz,bravais_phi0.8_psi0.8_eta0.2_s0,120,0.012270730370973482,0.0010109109294100752,1.2767220713666863e-12,nan,nan,0.20759779987898658,0.33474199496677315,0.20778379736281272,0.3349841118515514
goal1/design_g1_64.npz,bravais_phi0.8_psi1.2_eta0.2_s1,60,0.0005401561202838523,0.0008642785960195217,2.6646192940128174e-13,nan,nan,0.2064057634018224,0.35986345996553193,0.20653658040770337,0.3600326815707453
goal1/design_g1_65.npz,random_uniform_n48_s1010,96,0.005786350027868592,0.04521407695535053,1.82860586626134e-11,nan,nan,-0.4356052928376733,-0.00777921703753758,-0.4340797293684968,-0.0056251214130677634
goal1/design_g1_66.npz,bravais_phi1.0_psi0.8_eta0.2_s1,96,0.0031788352327167813,0.01891503767855134,2.757918547103994e-12,nan,nan,-0.24578006775121303,0.055460057477044813,-0.24451941552266265,0.05635514169477719
goal1/design_g1_67.npz,random_blue_noise_n60_s1025,120,0.002127270808526316,0.000554824917911913,5.666641069853659e-13,nan,nan,0.233144325049093,0.3751998892562337,0.23325345956960825,0.3753503056124853
goal1/design_g1_68.npz,flipped_s303_f8,102,0.0008320441748366214,0.0016326332050963799,9.241100361835623e-13,nan,nan,0.22115039454566565,0.2518352907666139,0.22148154832783146,0.2521832187341272
goal1/design_g1_69.npz,random_graded_n65_s1039,130,0.0017830039080175136,0.0028924759587691676,2.3164054983353503e-11,nan,nan,0.1984720063101289,0.30162026047049634,0.1989708421862414,0.3021942032965823
goal1/design_g1_7.npz,bravais_phi0.8_psi1.2_eta0.0_s0,60,0.0006806434546763329,0.0008517597111113902,4.595617545377577e-13,nan,nan,0.196976542007157,0.4183179636263755,0.1970476819419749,0.41851976592906776
goal1/design_g1_70.npz,auxetic_rotating_squares_t25.0_r4,64,0.002977155623432315,0.018805618582131624,2.1501686012476908e-12,nan,nan,-0.27729053046787977,0.21575885859930233,-0.2761019199415005,0.21659294991156539
goal1/design_g1_71.npz,tiling_kagome_r2,48,0.0027513320375120442,0.018991566246819632,2.5110520759417983e-12,nan,nan,-0.22892097543902615,0.06123197245558707,-0.2279749176867277,0.06216641298247319
goal1/design_g1_72.npz,flipped_s305_f8,100,0.10863073229139059,0.005186730633043273,1.944885274799149e-12,nan,nan,0.07432543253951707,0.14663109671591404,0.07485345602899555,0.14728976574987593
goal1/design_g1_73.npz,random_graded_n58_s1007,116,0.02259483388178427,0.057212067599866745,0.049599969449436135,nan,nan,0.11431978868751345,0.2824418528918258,0.11571862750096369,0.2843149195270041
goal1/design_g1_74.npz,bravais_phi1.4_psi1.2_eta0.2_s1,120,0.0070938768161084576,0.0006271253555706791,6.0517142584532e-13,nan,nan,0.19223419382549453,0.4545507636403807,0.19233593220135936,0.4547578180585093
goal1/design_g1_75.npz,bravais_phi0.8_psi1.0_eta0.2_s1,60,0.002555896474025182,0.015515597399638693,3.378267026699899e-12,nan,nan,-0.13872966531381556,0.14620203384613656,-0.13771378804182055,0.1468993214659749
goal1/design_g1_76.npz,random_graded_n49_s1019,98,0.13930250389945542,0.022102928500637088,3.97038843624738e-11,nan,nan,-0.08012686104460556,0.2046335302753334,-0.0790902358759383,0.2057142096182576
goal1/design_g1_77.npz,bravais_phi1.0_psi0.8_eta0.0_s0,96,0.0004822148617794064,0.000715997851255352,5.254535716351391e-13,nan,nan,0.20235749869076314,0.4588664870431141,0.20248296788254105,0.45906647120716365
goal1/design_g1_78.npz,flipped_s310_f8,102,0.006452326275543957,0.0023356699176113266,3.276805762712232e-11,nan,nan,0.13961932160078022,0.282400197396412,0.1399322446894713,0.28296397721344213
goal1/design_g1_79.npz,flipped_s304_f8,106,0.009811479305535276,0.0015273846072157086,5.779150763203249e-13,nan,nan,0.19607993969193907,0.328695593627819,0.19635851756174497,0.3290513558173382
goal1/design_g1_8.npz,random_uniform_n67_s1026,134,0.0018334429763949556,0.003231136834312755,1.0750512406166415e-11,nan,nan,0.19110500842008823,0.24047084492222953,0.19165865832869702,0.24109806697225253
goal1/design_g1_80.npz,flipped_s313_f8,110,0.021174895486400877,0.013919380309455907,9.14950798310954e-13,nan,nan,-0.0003581367575581485,0.27366060898337163,0.00030842496210486015,0.27427788956548954
goal1/design_g1_81.npz,auxetic_rotating_squares_t35.0_r4,64,0.001407743890989876,0.013723513669864677,8.27155824755775e-13,nan,nan,0.0021305118114510846,0.1626314327410421,0.002813163106771628,0.16329801276971267
goal1/design_g1_82.npz,tiling_square_octagon_r3,72,0.003652354680774371,0.3180621983600739,0.31149103189475535,nan,nan,0.06162951756271335,0.18995334398706903,0.06288620580922716,0.19117893907852768
goal1/design_g1_83.npz,random_poisson_disk_n59_s1016,114,0.0004973193615668836,0.000892048042672083,5.953050316467099e-13,nan,nan,0.24851832171791907,0.30531677563075216,0.24871952812191153,0.30554115397055176
goal1/design_g1_84.npz,random_graded_n62_s1043,124,0.0017112054818212707,0.0025389467697176154,1.5090294512257303e-11,nan,nan,0.2325248716235449,0.3152517358223403,0.23295202228694722,0.31592256467701013
goal1/design_g1_85.npz,flipped_s315_f8,108,0.0010409014590040677,0.0034524500125319695,1.2592905949238054e-12,nan,nan,0.09978767540354143,0.29839424701050404,0.100219762866339,0.29875539261821865
goal1/design_g1_86.npz,random_uniform_n58_s1038,116,0.0019042263815794436,0.005200176157199924,2.1725070543015182e-11,nan,nan,0.09999597962514582,0.30330144374076096,0.10062382066356987,0.30394237906706195
goal1/design_g1_87.npz,random_graded_n46_s1023,92,0.0017382169614093418,0.003740855221540963,8.427184755380371e-12,nan,nan,0.15787485297933376,0.2984117665966418,0.15845489435161883,0.29904772986228534
goal1/design_g1_88.npz,bravais_phi1.2_psi1.0_eta0.2_s0,60,0.0006135082713800977,0.0010447394741941434,5.02366737883456e-13,nan,nan,0.22057892867022755,0.33605603469872436,0.22077400606526007,0.33633458539003636
goal1/design_g1_89.npz,bravais_phi1.2_psi0.8_eta0.0_s0,120,8.443547080166924e-05,0.00012720591802315497,4.95874343330382e-13,nan,nan,0.1953563738384236,0.4923271991738644,0.19537702866049805,0.4923577915011582
goal1/design_g1_9.npz,random_poisson_disk_n44_s1036,90,0.00969216440008358,0.0008549732130133529,3.229381964292453e-13,nan,nan,0.25020238079366736,0.31527341541646214,0.25038591697632717,0.31548052673690935
goal1/design_g1_90.npz,bravais_phi0.8_psi1.0_eta0.2_s0,60,0.0010357045724023184,0.002423534106331644,3.3184489378717994e-13,nan,nan,0.19996106601154393,0.3170468449468243,0.20038671477521902,0.3174207194261189
goal1/design_g1_91.npz,tiling_square_r7,98,0.0005211960771623891,0.001092995198680629,4.845790455914602e-13,nan,nan,0.20000979968865412,0.32342811669776345,0.20021213762590395,0.3236297301787108
goal1/design_g1_92.npz,random_poisson_disk_n65_s1008,128,0.0006452804776358179,0.001489483082374998,2.8823979777610026e-13,nan,nan,0.20095337994064294,0.2858526314213128,0.20125774906389096,0.28612330829483557
goal1/design_g1_93.npz,random_uniform_n42_s1018,84,0.001390903319495318,0.0025761631068317342,9.39154515078161e-12,nan,nan,0.19644355637520158,0.3239324032569444,0.19685084495127264,0.3244375214349399
goal1/design_g1_94.npz,bravais_phi1.0_psi0.8_eta0.2_s0,96,0.0005405010958065559,0.0009343510017841386,9.314927901742492e-13,nan,nan,0.23730751229817101,0.39932157700386844,0.23750193251587895,0.3995408225941357
goal1/design_g1_95.npz,bravais_phi1.0_psi1.2_eta0.0_s0,72,0.0009179297625883653,0.03906277404953183,0.039066927809181584,nan,nan,0.3000196977555991,0.4410118747885121,0.3002258185704072,0.44123768371496974
goal1/design_g1_96.npz,random_blue_noise_n54_s1033,108,0.00022940183971048578,0.0002912819884914187,5.535846889038332e-13,nan,nan,0.30000934494640225,0.34639051297627876,0.30006748419715235,0.3464649130394695
goal1/design_g1_97.npz,bravais_phi1.2_psi1.2_eta0.2_s0,60,0.00035793880735995875,0.00046257153082506907,3.922245204469784e-13,nan,nan,0.2808109829557402,0.3929812719005156,0.2808953470798177,0.3931131626941199
goal1/design_g1_98.npz,auxetic_rotating_squares_t25.0_r6,144,0.0003127960007811015,0.002421678623874214,0.002263755883515535,nan,nan,0.2878489871362438,0.3205994156127735,0.2879965160676031,0.3207266504525311
goal1/design_g1_99.npz,random_blue_noise_n47_s1001,94,0.0015563912095846733,8.278031001538156e-05,5.538089048541067e-13,nan,nan,0.30309845430391885,0.3599427882341313,0.3031179148183674,0.3599648450457122
goal2/design_g2_crystal_phi0.7_psi1.3_0.npz,bravais_phi0.7_psi1.3+pos,72,0.015133668014628787,0.01679659013421136,0.017179294967634682,0.007187726079869172,0.04838198877606281,0.18199228941768963,0.5344694929229242,0.1820953247174012,0.5345643057515859
goal2/design_g2_crystal_phi0.7_psi1.3_1.npz,bravais_phi0.8_psi1.3,60,0.00013141671019828438,0.000292268116832166,4.583383060301146e-13,0.0109276666374174,0.013217770599702972,0.1836254917110198,0.49509445077023284,0.1836815221027441,0.49515849972593823
goal2/design_g2_crystal_phi0.7_psi1.3_2.npz,random_poisson_disk_n48_s0,90,0.005031805913869425,0.0038647660972031357,6.284807426395498e-09,0.046005737894184495,0.5683493897458768,0.16708267473159566,0.8429545552713917,0.16749962162514842,0.8425998104443735
goal2/design_g2_crystal_phi1.35_psi1.0_rot30_0.npz,random_poisson_disk_n48_s2+pos,88,0.0015090145274891942,0.001484460517478262,4.2148201182571945e-13,0.0064481962680387195,0.13863146971687157,0.2614569895041257,0.5091076993351407,0.2616318452156125,0.5094758356377218
goal2/design_g2_crystal_phi1.35_psi1.0_rot30_1.npz,random_poisson_disk_n48_s0,90,0.0008470710758048394,0.0012252885356211492,2.257536996811e-06,0.013422528581532589,0.10124362559782862,0.24791603044031457,0.4982605228045115,0.2481267988438077,0.49857903855533653
goal2/design_g2_crystal_phi1.35_psi1.0_rot30_2.npz,bravais_phi1.2_psi1.2,60,0.0014283398941624115,0.0016079211110778962,1.1025404951866297e-12,0.017857871325002606,0.12476963843011668,0.25619632076053744,0.5038687894197378,0.2563540304342891,0.5044501061244322
goal2/design_g2_crystal_phi1.3_psi1.0_0.npz,random_poisson_disk_n48_s0,90,0.001104801681449552,0.000956547698661891,4.118465947495718e-13,0.005740490675140375,0.15501985407814733,0.26526342244462403,0.47255507876125963,0.26538530425777834,0.4728073054269063
goal2/design_g2_crystal_phi1.3_psi1.0_1.npz,bravais_phi1.3_psi1.0,72,0.015840904281221257,0.01978130277337411,0.018728035188152525,0.00591714661667786,0.22750960306206136,0.2657669721219105,0.5265284838526445,0.26567215399342375,0.5268441210371516
goal2/design_g2_crystal_phi1.3_psi1.0_2.npz,random_poisson_disk_n48_s2,88,0.0007379491766192903,0.0007695681058393477,6.926661644701164e-10,0.009050430500732398,0.12394836339282445,0.26551656421748643,0.4490471708933195,0.2656490951916687,0.44919496194298747
goal2/design_g2_crystal_phi1.5_psi0.75_0.npz,bravais_phi1.5_psi0.8+pos,96,0.0004987597201334126,0.00046785675924390624,1.5536351832120576e-10,0.010265603118130073,0.09996957446235655,0.14775771388751047,0.4823446516407124,0.14779204208392135,0.48251477280852256
goal2/design_g2_crystal_phi1.5_psi0.75_1.npz,random_blue_noise_n48_s1,96,0.005562169516737048,0.002810748286345543,1.3918813294077769e-11,0.04136060789689244,0.6130006694842403,0.15068536104693156,0.8198152323636054,0.15067358537215103,0.8206937227947604
goal2/design_g2_crystal_phi1.5_psi0.75_2.npz,random_poisson_disk_n48_s0,90,0.019122488589316977,0.01672214032326795,1.118666573261478e-11,0.07342867234497685,1.0951872735183783,0.12539089004316403,1.1228838001881043,0.12446011696614484,1.1268655485744155
goal2/design_g2_crystal_phi1.5_psi0.8_rot45_0.npz,random_poisson_disk_n48_s2+pos,88,0.01050126223600395,0.005976115873590327,1.294494490210171e-12,0.031059938329430326,0.6795601147599164,0.17341578147944217,0.8466848653781966,0.17311578375623268,0.8478889230175672
goal2/design_g2_crystal_phi1.5_psi0.8_rot45_1.npz,bravais_phi0.8_psi1.3,60,0.007399866709894065,0.0041921471405906175,2.5722589233746426e-12,0.04579872076531388,0.7210813488226144,0.16792474787431438,0.8444167027556445,0.16799790441054324,0.8456316244950856
goal2/design_g2_crystal_phi1.5_psi0.8_rot45_2.npz,random_poisson_disk_n48_s0,90,0.002570236121917091,0.0020027234687044443,9.149827819802274e-12,0.05172467196303776,0.3533355854703135,0.18086415373981604,0.6198869563279997,0.1810885539991627,0.6206286450612389
goal2/design_g2_hand_Ex1.0_Ey1.0_nu0.55_G0.2_0.npz,random_poisson_disk_n48_s0+pos,90,0.006069031696462224,0.0076914516787367545,1.203518045401459e-11,0.10275284275748164,0.5769780259683693,0.522236511180892,0.9332406081572393,0.5237725223574167,0.932061973183647
goal2/design_g2_hand_Ex1.0_Ey1.0_nu0.55_G0.2_1.npz,random_poisson_disk_n48_s2+pos+pos,88,0.008997681064014551,0.01111069025937219,2.6614637996687825e-10,0.1591068948559261,0.5315515666334648,0.5137506848828299,0.9273304891371509,0.5168420265639286,0.9295586205110353
goal2/design_g2_hand_Ex1.0_Ey1.0_nu0.55_G0.2_2.npz,bravais_phi0.8_psi1.3,60,0.008395240587607766,0.011254507005673396,1.1854506487628668e-11,0.18149168197049814,0.5848250542135143,0.501162807812509,0.9536905191342848,0.5012884010783254,0.955950940216584
goal2/design_g2_hand_Ex1.2_Ey1.2_nu-0.3_G0.3_0.npz,random_poisson_disk_n48_s0+pos,90,0.00451986433731949,0.026007575312062763,5.58116005512806e-10,0.07129882848935698,0.3257102702362927,-0.23695769758321197,0.5349984743405752,-0.23528408789628466,0.5360391003795629
goal2/design_g2_hand_Ex1.2_Ey1.2_nu-0.3_G0.3_1.npz,bravais_phi0.7_psi1.3,72,0.04889907933727816,0.07780757627378651,4.214182504943714e-06,0.08392580639032454,0.8083538441964342,-0.23195590781190206,0.8996669067576628,-0.22929068312070003,0.9016343785884525
goal2/design_g2_hand_Ex1.2_Ey1.2_nu-0.3_G0.3_2.npz,random_poisson_disk_n48_s2+pos+pos,88,0.005013870327408007,0.021300204380374072,2.491935238455459e-10,0.08778000316462431,0.47335675525473375,-0.21794783174826715,0.6717816593821907,-0.21623688432518087,0.6734019782231897
goal2/design_g2_hand_Ex1.6_Ey0.8_nu0.3_G0.45_0.npz,random_blue_noise_n48_s1+pos,96,0.0018406481465063629,0.0023901858345517406,2.513928091319462e-12,0.003941731632184586,0.26879425119308986,0.15073373685338823,0.3923807833510328,0.15100018843271257,0.3924287172265993
goal2/design_g2_hand_Ex1.6_Ey0.8_nu0.3_G0.45_1.npz,bravais_phi1.0_psi1.0,72,0.04914510359563032,0.004443732877254795,7.932334331329363e-06,0.012722768777294613,0.18554556962859015,0.15339608196216345,0.34391893903470616,0.15411575656106205,0.3448178161306811
goal2/design_g2_hand_Ex1.6_Ey0.8_nu0.3_G0.45_2.npz,bravais_phi1.5_psi0.8,96,0.0074370563261957345,0.007183293956184563,3.332283053184685e-12,0.014795271509692398,0.7133532394069375,0.1520180153945739,0.6693351607598594,0.1523329482142718,0.6707043655762216
goal2/design_g2_hand_Ex1.6_Ey0.8_nu0.3_G0.45_rot30_0.npz,random_blue_noise_n48_s1+pos,96,0.0024751317844352583,0.002660795806246642,3.793063510429698e-12,0.0028308932394427444,0.2561603762166449,0.15125446993433142,0.5149890282413112,0.1515810146862173,0.5157320920953303
goal2/design_g2_hand_Ex1.6_Ey0.8_nu0.3_G0.45_rot30_1.npz,random_uniform_n48_s3,96,0.0033811040990796015,0.0032493342293968266,3.166314776982946e-10,0.010714548662322132,0.43127458473019065,0.14401696328367394,0.6562261411946764,0.1443467431652677,0.6568716238253643
goal2/design_g2_hand_Ex1.6_Ey0.8_nu0.3_G0.45_rot30_2.npz,random_poisson_disk_n48_s0,90,0.001986843646651637,0.002216906764541926,8.58620234751511e-13,0.017933837231915994,0.19029124063248282,0.1575083547704798,0.44891795085534164,0.15780041470087608,0.4495384125295735
goal2/design_g2_hand_Ex2.0_Ey0.7_nu0.1_G0.8_rot22_0.npz,random_uniform_n48_s3+pos,96,0.009261808742041924,0.03686809641507747,1.2910492670937573e-07,0.029814424223723934,0.5422171806331291,-0.21788968191795463,0.5764308578021949,-0.21695018279419195,0.5792909998095618
goal2/design_g2_hand_Ex2.0_Ey0.7_nu0.1_G0.8_rot22_1.npz,random_blue_noise_n48_s1,96,0.00574916388641919,0.03694748689717127,1.6721614878218866e-09,0.0347443765609492,0.49252691632133166,-0.21215960255385777,0.5236306750967902,-0.2107642994213371,0.5258118824361344
goal2/design_g2_hand_Ex2.0_Ey0.7_nu0.1_G0.8_rot22_2.npz,random_poisson_disk_n48_s0,90,0.003932522385119583,0.03015457806516347,1.9131440398301543e-09,0.03717882071331857,0.3541538511076889,-0.19523072380880657,0.396115388469615,-0.1942901258936389,0.39794229514542184
goal2/design_g2_random_spd_s0_2_0.npz,random_poisson_disk_n48_s2+pos,88,0.004803234026062919,0.01990527104367594,2.4496624015723647e-10,0.037301990197928014,0.5277865223101742,-0.6825282739754427,-0.018467375638678236,-0.6806607364909159,-0.017998741405460615
goal2/design_g2_random_spd_s0_2_1.npz,bravais_phi1.2_psi1.2,60,0.011026338932439428,0.016187913235993223,2.4893182097836926e-08,0.053854683940994685,0.23051329537598547,-0.5675009440675124,-0.08401002648130372,-0.5627841536199449,-0.08279885331770652
goal2/design_g2_random_spd_s0_2_2.npz,random_blue_noise_n48_s1,96,0.009627044716243538,0.02451872203256103,6.424037426100971e-11,0.055449799518056064,0.4203427772869431,-0.6363671448043701,-0.03561689643984101,-0.6330083158906996,-0.0346246182989635
goal2/design_g2_random_spd_s0_3_0.npz,random_blue_noise_n48_s1+pos,96,0.004303327100034671,0.007026038595245903,2.961998910153286e-10,0.06662382610386652,0.7024280721271021,0.184761714854505,1.247543766042229,0.185900796512259,1.2489291445490827
goal2/design_g2_random_spd_s0_3_1.npz,random_poisson_disk_n48_s2+pos,88,0.01757584121147937,0.04872963438493997,7.578204971062481e-11,0.09594760608394859,1.5917103560488703,0.048552192581247905,2.0686819089282102,0.05142240104572861,2.063086432005491
goal2/design_g2_random_spd_s0_3_2.npz,random_uniform_n48_s3,96,0.009423374907700732,0.020569369497300254,2.2835093631754017e-08,0.10144674972810153,1.5984766902600889,0.0521281252979012,2.0377685708987423,0.053272483009194446,2.0362597348255487
goal2/design_g2_random_spd_s0_4_0.npz,random_poisson_disk_n48_s2+pos+pos,88,0.014713799093902857,0.030331333472979203,3.152504068582535e-07,0.08339632869770042,0.8115562002771443,-0.6192442751335794,1.2524202660090342,-0.6159175050925483,1.253629455765992
goal2/design_g2_random_spd_s0_4_1.npz,bravais_phi1.2_psi1.2,60,0.005830200862615931,0.029513305803568257,1.3030887444016407e-09,0.10205900357568098,0.6158493707757707,-0.5571118401199607,1.1365405652459373,-0.553954036886795,1.1339009818909078
goal2/design_g2_random_spd_s0_4_2.npz,bravais_phi0.8_psi1.3,60,0.012940046910455805,0.024000908661133597,4.3603499615960756e-10,0.11559374919620358,0.520690767378774,-0.5480187454926153,1.0768061890323495,-0.545480594625162,1.0811974419994737
goal2_attempts/design_g2att_crystal_phi0.7_psi1.3_0.npz,bravais_phi1.0_psi1.0,72,0.25266758657428573,0.3799329419069296,0.38087641204693146,0.4183634375344025,0.41785761002109134,0.22200554617826593,0.41819263829136766,0.22259811275251679,0.4190494240276137
goal2_attempts/design_g2att_crystal_phi0.7_psi1.3_1.npz,bravais_phi1.3_psi1.0,72,0.13256577682852475,0.006382537961733495,1.797659392136743e-11,0.21501429112457715,0.4299761664364957,0.1959514752191907,0.7810429854538175,0.19717460896830444,0.7812199651026726
goal2_attempts/design_g2att_crystal_phi0.7_psi1.3_2.npz,bravais_phi1.5_psi0.8,96,0.009832339758941377,0.01679218097442916,3.2006537291051053e-10,0.31440673804889574,0.8170078441958585,0.15051678792662876,1.1088324113195385,0.15321713101409004,1.106880356096354
goal2_attempts/design_g2att_crystal_phi0.7_psi1.3_3.npz,bravais_phi1.2_psi1.2,60,0.0027953044645462333,0.0038902839388182753,1.0836533286884961e-12,0.06509308557339599,0.33489154966665824,0.18188676011498955,0.6961414667194274,0.18242761813890473,0.696027899808152
goal2_attempts/design_g2att_crystal_phi0.7_psi1.3_4.npz,random_blue_noise_n48_s1,96,0.0010906661952571617,0.001599257641676916,9.405900186278256e-13,0.11581443877041853,0.2312553761556866,0.1920262601073599,0.643300366484713,0.19230762901532483,0.64345372449107
goal2_attempts/design_g2att_crystal_phi0.7_psi1.3_5.npz,random_poisson_disk_n48_s2,88,0.001152125939665849,0.001511939026685823,8.566044636754582e-11,0.05809978228759127,0.26315821513493987,0.18160492959897082,0.6484271430966156,0.18183350276156093,0.648577249871754
goal2_attempts/design_g2att_crystal_phi0.7_psi1.3_6.npz,random_uniform_n48_s3,96,0.00400055845941355,0.0058998563425802595,5.782234456906602e-10,0.15583758486979904,0.6261938941279281,0.1783633489760116,0.8922475786163029,0.17919637387914555,0.8914732223866096
goal2_attempts/design_g2att_crystal_phi0.7_psi1.3_8.npz,flipped_reg_s51,72,0.2876812260043118,0.0021449076653715614,1.2909761063481253e-10,0.16122543258114463,0.32557442073104537,0.19308714345030095,0.6945126943727326,0.19345508666505587,0.6945918935341849
goal2_attempts/design_g2att_crystal_phi1.35_psi1.0_rot30_0.npz,bravais_phi1.0_psi1.0,72,0.021088570141148733,0.0024917495124305413,3.3972521418205363e-12,0.08062557458459363,0.08020251899962849,0.20541501601611578,0.4840265949623125,0.2058121254272658,0.48438192600013924
goal2_attempts/design_g2att_crystal_phi1.35_psi1.0_rot30_1.npz,bravais_phi1.3_psi1.0,72,0.021094644947459995,0.0022732656058449038,4.71919854835507e-13,0.07095042179051414,0.1933457178396405,0.2805621827453782,0.5214479081009333,0.2808766624619006,0.521900413560299
goal2_attempts/design_g2att_crystal_phi1.35_psi1.0_rot30_2.npz,bravais_phi1.5_psi0.8,96,0.020644638428691242,0.019909693378197972,2.1856901656279792e-10,0.20430008250307896,0.9762866781443734,0.29174008889732295,0.9064094659309708,0.29071792102157473,0.9125649844875492
goal2_attempts/design_g2att_crystal_phi1.35_psi1.0_rot30_3.npz,bravais_phi0.8_psi1.3,60,0.004937470687749801,0.0035031837641808215,4.7951631481872545e-11,0.042852083569758115,0.711294501424435,0.26043277260435516,0.7902146315067106,0.2604006376003298,0.7912860497367
goal2_attempts/design_g2att_crystal_phi1.35_psi1.0_rot30_4.npz,bravais_phi0.7_psi1.3,72,0.08618604694736165,0.005029722005977918,4.575023237537248e-11,0.048251871699960924,0.9015709390447647,0.25233717236261854,0.9020129955404053,0.25233892564592925,0.9036604415469275
goal2_attempts/design_g2att_crystal_phi1.35_psi1.0_rot30_5.npz,random_blue_noise_n48_s1,96,0.0017452458371902124,0.0021768083750518686,2.13557065380532e-08,0.047320139670328665,0.2068092393059362,0.2830376808734841,0.5238005818120128,0.2833931515207528,0.5243041258114702
goal2_attempts/design_g2att_crystal_phi1.35_psi1.0_rot30_6.npz,random_uniform_n48_s3,96,0.004905096857444946,0.003347549264190379,2.0907907931261216e-11,0.05735122092822453,0.603061012348451,0.27564406459101,0.7331222481579964,0.27579983968654986,0.734230856291402
goal2_attempts/design_g2att_crystal_phi1.35_psi1.0_rot30_8.npz,flipped_reg_s51,72,0.03314210486901764,0.0012905396112985767,4.976283363772936e-13,0.018714828964380148,0.08260548318876593,0.23918008752456466,0.4935848720607165,0.2393240398332906,0.49392474681961485
goal2_attempts/design_g2att_crystal_phi1.3_psi1.0_0.npz,bravais_phi1.0_psi1.0,72,0.0056324389730238456,0.0016156248251719442,1.9674566746483486e-07,0.01980473297597818,0.14885804179404372,0.2725482049197553,0.4567542607556854,0.27270631186368544,0.45714880185247075
goal2_attempts/design_g2att_crystal_phi1.3_psi1.0_1.npz,bravais_phi1.5_psi0.8,96,0.018126175789951682,0.017995118009542503,6.551198576832294e-11,0.0830325612406897,0.7306588008338702,0.2584272884749414,0.835157337951061,0.25704343905966154,0.8393661692631734
goal2_attempts/design_g2att_crystal_phi1.3_psi1.0_2.npz,bravais_phi0.8_psi1.3,60,0.005288793571450567,0.005889491084505092,8.507651956948562e-13,0.05680886366877025,0.49291738461909596,0.27309832369752235,0.6670202083842129,0.27405386117537306,0.6681558832293223
goal2_attempts/design_g2att_crystal_phi1.3_psi1.0_3.npz,bravais_phi1.2_psi1.2,60,0.0018277020413395295,0.0031681712511916972,7.960959784811926e-11,0.021334429657491993,0.11855303393327898,0.26467592350042035,0.44213149821959963,0.26539135552077603,0.4427914534517516
goal2_attempts/design_g2att_crystal_phi1.3_psi1.0_4.npz,bravais_phi0.7_psi1.3,72,0.3179107064889505,0.003629724059661237,2.2756726418538078e-10,0.07161432189967165,0.7278607319717024,0.2674479615587521,0.8112386251698117,0.2676377726012168,0.8122701474889382
goal2_attempts/design_g2att_crystal_phi1.3_psi1.0_5.npz,random_blue_noise_n48_s1,96,0.0009617946883106465,0.0008782997835803367,6.6778297352517145e-12,0.01211716374286187,0.14070891437262834,0.2634788262512354,0.46105883057313257,0.26356952660710964,0.46127449875032417
goal2_attempts/design_g2att_crystal_phi1.3_psi1.0_6.npz,random_uniform_n48_s3,96,0.0020982350564676677,0.001884887063072379,3.229114600311038e-11,0.022836303291329463,0.2824664573155047,0.26823693473442756,0.5478804593981678,0.2684984656690709,0.5483472014066448
goal2_attempts/design_g2att_crystal_phi1.3_psi1.0_8.npz,flipped_reg_s51,72,0.06436060792977116,0.0008566090670798657,7.27614504615351e-11,0.01352857021840359,0.12873764632672047,0.26561767908251116,0.44611442507051885,0.2657843818518556,0.44634618065491893
goal2_attempts/design_g2att_crystal_phi1.5_psi0.75_0.npz,bravais_phi1.0_psi1.0,72,0.32659296036541147,0.0015516142482594774,3.7900689814030945e-11,0.16814592003836726,0.5469846271192569,0.165604922548977,0.7006823921180051,0.16581072686111456,0.701280283009881
goal2_attempts/design_g2att_crystal_phi1.5_psi0.75_1.npz,bravais_phi1.3_psi1.0,72,0.11643458937213558,0.0015616465836211586,6.261073733015815e-13,0.08230098005099151,0.41490496515220454,0.16075979360856896,0.6721095118311327,0.16097173133151327,0.6726831527044606
goal2_attempts/design_g2att_crystal_phi1.5_psi0.75_2.npz,bravais_phi0.8_psi1.3,60,0.011349183176086575,0.017141807796925215,6.724216831150642e-11,0.36700178341499523,0.9969128389406523,0.17584510110564663,0.866360916657368,0.17901462969744703,0.8685322893335113
goal2_attempts/design_g2att_crystal_phi1.5_psi0.75_3.npz,bravais_phi1.2_psi1.2,60,0.004135477712789215,0.004137277340335585,3.422562803828264e-10,0.22973259282928504,0.4554622953374601,0.17340277325750741,0.6142092686600514,0.17414237300289598,0.6153633398735547
goal2_attempts/design_g2att_crystal_phi1.5_psi0.75_4.npz,bravais_phi0.7_psi1.3,72,0.3528940076977842,0.007784971038106732,5.1849998584675844e-08,0.4872445188848191,1.5672480176533043,0.16358359745127712,1.1222131161894195,0.1645213879990823,1.124135674442774
goal2_attempts/design_g2att_crystal_phi1.5_psi0.75_5.npz,random_poisson_disk_n48_s2,88,0.004876621836498285,0.0028150871992918347,1.4028389484141683e-12,0.0913978860707263,0.5876750076818944,0.1565674043789835,0.7921059320099502,0.15676866957898977,0.7930301283618978
goal2_attempts/design_g2att_crystal_phi1.5_psi0.75_6.npz,random_uniform_n48_s3,96,0.006185997325539372,0.003176016114757802,1.8034498868908718e-11,0.1071918151064466,0.7134225777535586,0.15438186307317175,0.8682027707362632,0.15444147894778645,0.8690993946056111
goal2_attempts/design_g2att_crystal_phi1.5_psi0.75_8.npz,flipped_reg_s51,72,0.39038210623838865,0.002214114324978633,3.3512230413326804e-09,0.1309170951253007,0.6581159499394866,0.16002548656390486,0.8058918538851637,0.16029155105775786,0.8067805676793026
goal2_attempts/design_g2att_crystal_phi1.5_psi0.8_rot45_0.npz,bravais_phi1.0_psi1.0,72,0.04875663183144885,0.0024583284719429037,5.981360980693183e-13,0.27451215040454047,0.27425759694225005,0.13512458194521837,0.46129119070861613,0.1354047529310444,0.46133760267021695
goal2_attempts/design_g2att_crystal_phi1.5_psi0.8_rot45_1.npz,bravais_phi1.3_psi1.0,72,0.24760158466574117,0.006384216751984133,9.511532531196072e-12,0.36341826943661437,0.6144152289024789,0.22866952566234,0.7311070291687877,0.2289060629358259,0.733486455173924
goal2_attempts/design_g2att_crystal_phi1.5_psi0.8_rot45_2.npz,bravais_phi1.5_psi0.8,96,0.006755609437845422,0.005115400199862757,2.744733872629912e-06,0.6418632046538821,0.906602453060287,0.3049451671876803,0.6341820013124866,0.30536383440616943,0.6349122276312072
goal2_attempts/design_g2att_crystal_phi1.5_psi0.8_rot45_3.npz,bravais_phi1.2_psi1.2,60,0.0012917869729538456,0.0010806483537848413,5.46965752679646e-13,0.057756589804463854,0.1345998223236895,0.17416337733845666,0.4843457085714786,0.1742969566719123,0.4846271046458603
goal2_attempts/design_g2att_crystal_phi1.5_psi0.8_rot45_4.npz,bravais_phi0.7_psi1.3,72,0.13275615577975597,0.007922357218025297,3.105615977406557e-12,0.07067845475172185,0.9956769136472162,0.15806296168551134,0.9998105907682061,0.15818482007437362,1.0012254935912293
goal2_attempts/design_g2att_crystal_phi1.5_psi0.8_rot45_5.npz,random_blue_noise_n48_s1,96,0.005683107860510961,0.0031825106880913117,6.842920645733069e-05,0.1460878129233214,0.5986943420921145,0.19170059914113632,0.7840100692545958,0.1918165330047884,0.7851328499774962
goal2_attempts/design_g2att_crystal_phi1.5_psi0.8_rot45_6.npz,random_uniform_n48_s3,96,0.00797266258212792,0.004303849249298952,3.855478482865708e-10,0.22316884047491348,1.0172432421940618,0.18404476063668318,1.0374876808803857,0.18444636895870603,1.0395086461539367
goal2_attempts/design_g2att_crystal_phi1.5_psi0.8_rot45_8.npz,flipped_reg_s51,72,0.10225921232852486,0.002838454077774436,3.4024473181964374e-12,0.09335039089345831,0.34887765313694974,0.182293082446343,0.619983924828699,0.1825466878261661,0.620841899498085
goal2_attempts/design_g2att_hand_Ex1.0_Ey1.0_nu0.55_G0.2_0.npz,bravais_phi1.0_psi1.0,72,0.015201488065845259,0.0030448776940661315,8.851191421596761e-13,0.3886959084965793,0.388168770392191,0.47152345518413474,0.6308306498506561,0.47182707355279274,0.6321250520053396
goal2_attempts/design_g2att_hand_Ex1.0_Ey1.0_nu0.55_G0.2_1.npz,bravais_phi1.3_psi1.0,72,0.13614596306407023,0.010933404727497285,6.716296303980998e-12,0.2956561607347501,0.5533987693593606,0.48413237635157075,0.9615329362488673,0.4855171307353445,0.9592942855116879
goal2_attempts/design_g2att_hand_Ex1.0_Ey1.0_nu0.55_G0.2_2.npz,bravais_phi1.5_psi0.8,96,0.006568432950658787,0.011207392895470202,6.003062121614937e-10,0.3354749543723703,0.5844786510901806,0.47380432306410847,1.0004086015159939,0.4754499816500264,0.9984530829317069
goal2_attempts/design_g2att_hand_Ex1.0_Ey1.0_nu0.55_G0.2_3.npz,bravais_phi1.2_psi1.2,60,0.011356990455639426,0.021683453320558706,4.622604775653716e-12,0.23775655059065848,0.6836185845396021,0.49940012085835134,0.96851512985417,0.5011782751807037,0.9648692810461313
goal2_attempts/design_g2att_hand_Ex1.0_Ey1.0_nu0.55_G0.2_4.npz,bravais_phi0.7_psi1.3,72,0.05317969010775103,0.04754291331473198,1.697732754532057e-11,0.12783012750376932,0.8024860617467499,0.5069717985390791,0.9918892635932745,0.5064256616375485,0.9961748633323017
goal2_attempts/design_g2att_hand_Ex1.0_Ey1.0_nu0.55_G0.2_5.npz,random_blue_noise_n48_s1,96,0.00586628592536409,0.006280283571922735,5.852035998254513e-09,0.2349575962018844,0.49125786707000113,0.5195751323028002,0.9076969301964067,0.5202918331111955,0.9060613771458272
goal2_attempts/design_g2att_hand_Ex1.0_Ey1.0_nu0.55_G0.2_6.npz,random_uniform_n48_s3,96,0.008062570315852668,0.008847606266207807,2.7785350620466264e-11,0.25594302741079045,0.47750887636555733,0.5155130077237418,0.8841614640779942,0.5162848370934593,0.8827380972246419
goal2_attempts/design_g2att_hand_Ex1.0_Ey1.0_nu0.55_G0.2_8.npz,flipped_reg_s51,72,0.6908893473097075,0.04392528867776624,4.3630449054484373e-10,0.26878366664022324,0.8043868466272327,0.48406383436428924,0.986820266431785,0.4840792143115763,0.9905059581472724
goal2_attempts/design_g2att_hand_Ex1.2_Ey1.2_nu-0.3_G0.3_0.npz,bravais_phi1.0_psi1.0,72,0.12815394516296225,0.041745539348463735,8.299109479639503e-11,0.31646439456442677,0.3221714695137763,-0.15657236087192078,0.4717233655384833,-0.15467456722604545,0.47305676800889696
goal2_attempts/design_g2att_hand_Ex1.2_Ey1.2_nu-0.3_G0.3_1.npz,bravais_phi1.3_psi1.0,72,0.09906752077764157,0.02989955201366012,1.7239316240703868e-06,0.22542803847353066,0.8131852575057867,-0.18561587266366875,0.8972485687438939,-0.1818651685921802,0.8972205831212617
goal2_attempts/design_g2att_hand_Ex1.2_Ey1.2_nu-0.3_G0.3_2.npz,bravais_phi1.5_psi0.8,96,0.017477334262435966,0.07838436551994538,2.0244549523614148e-10,0.2790471144352652,0.7848352170394487,-0.18834023794307966,0.8890981029786876,-0.18126099003304763,0.887280420034106
goal2_attempts/design_g2att_hand_Ex1.2_Ey1.2_nu-0.3_G0.3_3.npz,bravais_phi0.8_psi1.3,60,0.011368170540450306,0.05145722291734407,1.1208797768143043e-08,0.09727394819343704,0.9267410826491407,-0.22162131816581468,0.9498471566456321,-0.22078820093464913,0.9536997017933633
goal2_attempts/design_g2att_hand_Ex1.2_Ey1.2_nu-0.3_G0.3_4.npz,bravais_phi1.2_psi1.2,60,0.015429781943928453,0.06684801378435476,1.1974938410580442e-06,0.1308894632470723,1.0510689855174435,-0.21844749204135328,0.9870841843106597,-0.21455950918404157,0.9823820022607918
goal2_attempts/design_g2att_hand_Ex1.2_Ey1.2_nu-0.3_G0.3_5.npz,random_blue_noise_n48_s1,96,0.006263357478032278,0.028407372019727838,9.490948897685765e-10,0.14107329505938782,0.4429830745064641,-0.2223488450997946,0.6403789006835813,-0.22036933371171682,0.6410174767630687
goal2_attempts/design_g2att_hand_Ex1.2_Ey1.2_nu-0.3_G0.3_6.npz,random_uniform_n48_s3,96,0.005940917395349549,0.02358862695759628,5.978606124977161e-10,0.2094936453610322,0.4836726062651814,-0.14744886369241358,0.6593272688310593,-0.14580967400929484,0.6589398330866354
goal2_attempts/design_g2att_hand_Ex1.2_Ey1.2_nu-0.3_G0.3_8.npz,flipped_reg_s51,72,0.06405238587624765,0.017244357748871616,6.463344378545785e-11,0.1606388271614212,0.560181874284548,-0.21058826656541543,0.7344152324095338,-0.20870109712807008,0.7353685212496366
goal2_attempts/design_g2att_hand_Ex1.6_Ey0.8_nu0.3_G0.45_0.npz,bravais_phi1.3_psi1.0,72,0.020018426044273757,0.009103413957575007,1.6545921791611767e-11,0.03512479703752014,0.7205788322257309,0.14943219794588833,0.6746477730946955,0.15018959607350948,0.6764078081253969
goal2_attempts/design_g2att_hand_Ex1.6_Ey0.8_nu0.3_G0.45_1.npz,bravais_phi0.8_psi1.3,60,0.004789482466641681,0.007533159093914424,7.758639279179896e-11,0.05749659977742949,0.45678590520333817,0.14486869987158968,0.49430767899807915,0.1459061166604648,0.49485960323815487
goal2_attempts/design_g2att_hand_Ex1.6_Ey0.8_nu0.3_G0.45_2.npz,bravais_phi1.2_psi1.2,60,0.00423068403721058,0.008156389189570309,7.033984153644644e-13,0.04769072461477797,0.44944085244102094,0.1485154699504184,0.49457909612444945,0.14943962197705515,0.49609452496947887
goal2_attempts/design_g2att_hand_Ex1.6_Ey0.8_nu0.3_G0.45_3.npz,bravais_phi0.7_psi1.3,72,0.048091132383841495,0.015000890693170834,9.942337285504683e-12,0.05720666175381117,0.7452008936529982,0.14638928812427365,0.6886629857329883,0.1485508411995182,0.6883403474577363
goal2_attempts/design_g2att_hand_Ex1.6_Ey0.8_nu0.3_G0.45_4.npz,random_poisson_disk_n48_s2,88,0.0019564301125716277,0.003188772623930293,4.418358482207476e-13,0.0347814370247479,0.16463772765699858,0.15609068900947193,0.32903477030863376,0.15659324876369743,0.32962428005868805
goal2_attempts/design_g2att_hand_Ex1.6_Ey0.8_nu0.3_G0.45_6.npz,flipped_reg_s51,72,0.07247592180444667,0.0034869230644953555,5.646144732458324e-13,0.01789828958994888,0.12529655951098162,0.15108656799866288,0.30797408329513165,0.15167294648710025,0.30875748752206417
goal2_attempts/design_g2att_hand_Ex1.6_Ey0.8_nu0.3_G0.45_rot30_0.npz,bravais_phi1.0_psi1.0,72,0.04880668732606014,0.0014457414592719477,1.477706571602214e-12,0.03643448698534191,0.300277215445516,0.15337634012956783,0.5311724690819803,0.1535448739917868,0.531545568975519
goal2_attempts/design_g2att_hand_Ex1.6_Ey0.8_nu0.3_G0.45_rot30_1.npz,bravais_phi1.3_psi1.0,72,0.04984841379370636,0.0034209626466383727,4.374983774572199e-13,0.004396891793939206,0.10328304659074528,0.1588928002616499,0.3803132584700025,0.15943629883465632,0.38114380370019924
goal2_attempts/design_g2att_hand_Ex1.6_Ey0.8_nu0.3_G0.45_rot30_2.npz,bravais_phi1.5_psi0.8,96,0.004178447341008584,0.002735122227520927,5.372319531484481e-12,0.04283952859491724,0.5584718777074854,0.13601610668009387,0.7709377313069639,0.13606358162906246,0.7716419851802059
goal2_attempts/design_g2att_hand_Ex1.6_Ey0.8_nu0.3_G0.45_rot30_3.npz,bravais_phi0.8_psi1.3,60,0.006088455956969385,0.006896314448778623,7.970119407445274e-09,0.1077974028272064,0.7476389798733177,0.1180486711923428,0.8708979939106819,0.11889664436657962,0.872277615355792
goal2_attempts/design_g2att_hand_Ex1.6_Ey0.8_nu0.3_G0.45_rot30_4.npz,bravais_phi1.2_psi1.2,60,0.00286225892754971,0.006829333634186931,8.553200768707516e-13,0.05067036216102028,0.19909955919120748,0.16078110711294918,0.43594255934593196,0.1619282995900561,0.437049992723226
goal2_attempts/design_g2att_hand_Ex1.6_Ey0.8_nu0.3_G0.45_rot30_5.npz,bravais_phi0.7_psi1.3,72,0.037943718821827954,0.005859587061622627,8.463469765171327e-11,0.13098211380720715,0.9639157460323361,0.09479171243482014,1.02214527396254,0.09523890752237295,1.0235823569368603
goal2_attempts/design_g2att_hand_Ex1.6_Ey0.8_nu0.3_G0.45_rot30_6.npz,random_poisson_disk_n48_s2,88,0.0016715873399743009,0.0024874077126592294,5.038038745143913e-13,0.02062707983529588,0.19338676531179377,0.15706397169915232,0.44697011734995173,0.15742244427668045,0.44754333006492136
goal2_attempts/design_g2att_hand_Ex1.6_Ey0.8_nu0.3_G0.45_rot30_8.npz,flipped_reg_s51,72,0.09659166315853651,0.0016777797496830011,2.999753145929699e-12,0.029768529706655666,0.3627283699566748,0.14926592272211828,0.585562452557661,0.149489331335586,0.586156101424511
goal2_attempts/design_g2att_hand_Ex2.0_Ey0.7_nu0.1_G0.8_rot22_0.npz,bravais_phi1.0_psi1.0,72,0.29075059864004027,0.03801919848814349,3.799431573840719e-06,0.12105449257340473,0.3255320068964716,-0.13099114288265679,0.3342381025164231,-0.12973897825227454,0.3362432585895776
goal2_attempts/design_g2att_hand_Ex2.0_Ey0.7_nu0.1_G0.8_rot22_1.npz,bravais_phi1.3_psi1.0,72,0.2703666408651511,0.03311068249142262,1.3185598859613802e-09,0.046833383560845876,0.765779424307932,-0.2622453132128148,0.7820269070371667,-0.26013844248607776,0.7837599161533239
goal2_attempts/design_g2att_hand_Ex2.0_Ey0.7_nu0.1_G0.8_rot22_2.npz,bravais_phi1.5_psi0.8,96,0.006935766015008227,0.015647682552779152,5.387381130240966e-10,0.08395686893570264,0.9338292054400916,-0.2819070901212379,0.9455338278103779,-0.281031933427893,0.9474466509794788
goal2_attempts/design_g2att_hand_Ex2.0_Ey0.7_nu0.1_G0.8_rot22_3.npz,bravais_phi0.8_psi1.3,60,0.007994258624748798,0.09289002714359904,0.0001785458179350299,0.6791485583258385,0.9611101723436087,-0.06234094398067282,0.5253633594719225,-0.057244740070753794,0.5280517534764806
goal2_attempts/design_g2att_hand_Ex2.0_Ey0.7_nu0.1_G0.8_rot22_4.npz,bravais_phi1.2_psi1.2,60,0.006837091370314019,0.048098084288237634,1.2743661448539128e-09,0.05253299580245008,0.44545210599592333,-0.20255616786576255,0.4741955847158893,-0.2004484217468754,0.47736309217770606
goal2_attempts/design_g2att_hand_Ex2.0_Ey0.7_nu0.1_G0.8_rot22_5.npz,bravais_phi0.7_psi1.3,72,0.04068759275685932,0.04544503470313076,0.0003078103473233808,0.38499046278583915,1.1440437758990663,-0.14160937841766721,0.8117299070352065,-0.14018350182552727,0.8136751245974015
goal2_attempts/design_g2att_hand_Ex2.0_Ey0.7_nu0.1_G0.8_rot22_6.npz,random_poisson_disk_n48_s2,88,0.00605317529764951,0.02797242436082631,6.517486835608827e-08,0.05598223750835207,0.6542083311912095,-0.2356065161538842,0.67057997420874,-0.23444529601228328,0.6725187929476275
goal2_attempts/design_g2att_hand_Ex2.0_Ey0.7_nu0.1_G0.8_rot22_8.npz,flipped_reg_s51,72,0.23973240644812902,0.023727956471747448,1.1908499289701918e-08,0.029209659365025953,0.45781408259581263,-0.2122314695128569,0.49150438103980787,-0.21130583598114885,0.49252255158510605
goal2_attempts/design_g2att_random_spd_s0_2_0.npz,bravais_phi1.0_psi1.0,72,0.09058314451861832,0.0930786785148474,0.00022877895649940443,1.092131051060035,1.1309950871950725,-0.655444517753815,0.18486636876232232,-0.6524874313088952,0.1895691064250778
goal2_attempts/design_g2att_random_spd_s0_2_1.npz,bravais_phi1.3_psi1.0,72,0.014378288309763121,0.028023068199336504,6.431506007694468e-06,0.4140412770175317,0.4903647937080614,-0.5043566779115994,-0.021825308801938777,-0.5013332405725216,-0.021078579819014277
goal2_attempts/design_g2att_random_spd_s0_2_2.npz,bravais_phi1.5_psi0.8,96,0.010651612950811906,0.04427354518197972,3.735834565254837e-07,0.21552674836617225,0.5105191966449107,-0.6009968056498082,-0.020391445811075794,-0.5968400133206506,-0.019297531431611892
goal2_attempts/design_g2att_random_spd_s0_2_3.npz,bravais_phi0.8_psi1.3,60,0.011687940485609172,0.11836399473600856,7.096418160536406e-06,0.1379548272036295,1.0194454881563928,-0.9001962774056687,0.3818440045574296,-0.8970161711418027,0.38937496744376093
goal2_attempts/design_g2att_random_spd_s0_2_4.npz,bravais_phi0.7_psi1.3,72,0.20297962192474672,0.0576387394426635,3.120152021868337e-05,0.32081240803627287,0.8315545921626717,-0.636431291203358,0.19980600342980737,-0.6345723655630366,0.20350192905880263
goal2_attempts/design_g2att_random_spd_s0_2_5.npz,random_poisson_disk_n48_s0,90,0.006511482382110967,0.018712091421273183,0.00015434324264831413,0.7013711408009291,0.788172355884174,-0.4992821049742178,-0.03917927163713857,-0.498021247292686,-0.03847819317555983
goal2_attempts/design_g2att_random_spd_s0_2_6.npz,random_uniform_n48_s3,96,0.007877665025692149,0.05879156660898044,1.2249828483408382e-06,0.09099663825298654,0.903167551162612,-0.8596884177959794,0.2503668285386204,-0.8576230496341383,0.2559516137344125
goal2_attempts/design_g2att_random_spd_s0_2_8.npz,flipped_reg_s51,72,0.1998262721025036,0.02295376440313485,2.399445093924672e-05,1.0296792756489346,1.1083985547214545,-0.5602322244511319,-0.016970691959502564,-0.558629336768001,-0.016133453109408665
goal2_attempts/design_g2att_random_spd_s0_3_0.npz,bravais_phi1.0_psi1.0,72,0.06407548411655745,0.021009321849207386,7.503086521865564e-09,0.1388618428794408,1.6306553933997407,0.05579588783583925,2.0169388828778114,0.057437601180479705,2.0142258842086713
goal2_attempts/design_g2att_random_spd_s0_3_1.npz,bravais_phi1.3_psi1.0,72,0.7940970363679998,0.06886234881856196,1.2138398356491255e-07,0.3542835310245205,1.905141231176513,-0.015364524921273269,2.0029854370040248,-0.011447232705352944,1.9991990379819615
goal2_attempts/design_g2att_random_spd_s0_3_2.npz,bravais_phi1.5_psi0.8,96,0.02318892452491661,0.5355765043444627,7.281071984582239e-06,0.5094790685781205,4.142781874730725,-2.5510387761844706,4.605535922058881,-2.561337026205518,4.420966726419347
goal2_attempts/design_g2att_random_spd_s0_3_3.npz,bravais_phi0.8_psi1.3,60,0.009525094905463882,0.05166137351533225,7.869447830325724e-08,0.16264383163465723,1.627674740871693,0.0415404695856399,2.016276851215002,0.04481940764097702,2.0116312764084943
goal2_attempts/design_g2att_random_spd_s0_3_4.npz,bravais_phi1.2_psi1.2,60,0.009018166460444565,0.024568577063794443,8.972653775308712e-05,0.4683452439540652,1.7019341690790446,0.11403168999829806,1.554305385454217,0.11636609147267342,1.55202554757972
goal2_attempts/design_g2att_random_spd_s0_3_5.npz,bravais_phi0.7_psi1.3,72,0.0728278029992605,0.1866631193629187,0.1915425739324986,0.09800769950973898,0.9016688747494943,0.17634310927088087,1.406748265257758,0.17793519426856533,1.4048596147237182
goal2_attempts/design_g2att_random_spd_s0_3_6.npz,random_poisson_disk_n48_s0,90,0.0064325501067548085,0.04094075309378902,3.238262199709862e-09,0.1587951790450508,1.6873333057869184,0.04174035697534873,2.0451609960761856,0.04443334333513711,2.0416885540830254
goal2_attempts/design_g2att_random_spd_s0_3_8.npz,flipped_reg_s51,72,0.08929530028462396,0.03992677099196363,5.608237315289155e-07,0.23016305629912326,2.091433883166287,-0.37618044032770137,2.468864781894813,-0.373145726768147,2.4637665047005566
goal2_attempts/design_g2att_random_spd_s0_4_0.npz,bravais_phi1.0_psi1.0,72,0.1926940903886294,0.02132928544869876,9.933316014821722e-06,0.4102281974294748,0.47347596092703226,-0.3471170666388073,0.877365738369169,-0.34618212108081087,0.8790380841585534
goal2_attempts/design_g2att_random_spd_s0_4_1.npz,bravais_phi1.3_psi1.0,72,0.24101521484822697,0.07619498266091385,1.7672397690435065e-06,0.2035887673348573,1.1582901300401691,-0.6364767179540647,1.4688938188598535,-0.6265546264371583,1.462804132918882
goal2_attempts/design_g2att_random_spd_s0_4_2.npz,bravais_phi1.5_psi0.8,96,0.013738681633886609,0.07077136050517349,1.4010221602494679e-06,0.4476361363167778,1.5557150283558645,-0.712838443814606,1.7469745058691815,-0.7091666560130228,1.7443094479712697
goal2_attempts/design_g2att_random_spd_s0_4_3.npz,bravais_phi0.7_psi1.3,72,0.3310955168885156,0.026362464289201547,1.2730984469614639e-09,0.1100805791860271,0.8189082503962881,-0.5809080772635384,1.2493511068160277,-0.57969149819006,1.2505195019246946
goal2_attempts/design_g2att_random_spd_s0_4_4.npz,random_poisson_disk_n48_s0,90,0.00874986422312013,0.10484700185164338,2.373461557738718e-05,0.44620930452534435,0.9741743537348565,-0.5893301001383535,1.435178109214295,-0.5867931760897623,1.4359843327346793
goal2_attempts/design_g2att_random_spd_s0_4_5.npz,random_blue_noise_n48_s1,96,0.012046448749281884,0.03229587478254346,9.64062717234703e-05,0.2799703001075857,0.7538570675954774,-0.5956305689407397,1.280308218889073,-0.5912799381220707,1.2813179902519038
goal2_attempts/design_g2att_random_spd_s0_4_6.npz,random_uniform_n48_s3,96,0.010359226512013937,0.04245302735019597,4.869937593265425e-05,0.4097441522831127,0.6564173317951396,-0.45721692921104906,1.145173705846019,-0.4544181499043225,1.1449756828321929
goal2_attempts/design_g2att_random_spd_s0_4_8.npz,flipped_reg_s51,72,0.04438279431181896,0.02399183433068546,8.112186766632174e-07,0.1575037798990362,0.3975973142012048,-0.5775028000988254,0.9980414773413184,-0.5759035328872507,0.9995124997484326
reentrant/dhex_d0.3.npz,?,192,nan,0.033724573263478025,2.730450922620263e-11,nan,nan,-3.8209116059622987,0.3398055482235176,-3.8252283499395263,0.34103841202015145
reentrant/dhex_d0.5.npz,?,192,nan,0.020105589164855546,1.8692155183359897e-11,nan,nan,-4.915337151206022,0.3371493590067788,-4.923506109007321,0.3380846111064526
reentrant/dhex_d0.8.npz,?,192,nan,0.0305947524354188,1.9675210671330012e-11,nan,nan,-9.989614585737375,0.40390315784826075,-10.02800599136046,0.4048923914476501
reentrant/dhex_d1.0.npz,?,192,nan,0.909156733625223,2.3639701868641733e-11,nan,nan,3.9908179258047765e-07,0.5847843443760725,0.0004983545344997076,0.5934377009073439
reentrant/dhex_d1.2.npz,?,192,nan,0.01170520664936528,8.698167192543395e-12,nan,nan,0.11080935920712918,8.174705746595913,0.11133655494607922,8.142562772647938
reentrant/dhex_d1.6.npz,?,192,nan,0.0021524962833061956,1.7084004367784349e-12,nan,nan,0.42716494137324895,2.3059986301882094,0.42755693358014113,2.303938781984787
reentrant/dhex_d2.0.npz,?,192,nan,0.0010267735971801954,8.840849348456392e-13,nan,nan,0.9955212784062905,0.995521278406292,0.9950294505659433,0.9960173000162685
reentrant/reentrant_move_v0.7.npz,?,288,nan,0.0018869475244078044,2.0641106682922864e-12,nan,nan,0.39965854428549114,2.4402907955044437,0.39990524432272806,2.438870441773821
reentrant/reentrant_move_v0.9.npz,?,288,nan,0.010386722907861776,1.0540896134423705e-12,nan,nan,0.13353550509290046,6.309757767640502,0.13413779744878443,6.289841495476629
seed_honeycomb.npz,?,68,nan,0.31348135816617306,0.3665525553770181,nan,nan,0.9935706237494932,0.9968628854873366,0.9942388201571715,0.9964821598273905
seed_kagome.npz,?,108,nan,0.0007055200515046487,1.1288632466958605e-12,nan,nan,0.3329943304066195,0.3332932338018709,0.3331920463017786,0.3334766313895337
seed_square.npz,?,18,nan,0.002054457356607866,2.3388278456726295e-13,nan,nan,0.0003948107307046679,0.9982252895694896,0.0004935636734427264,0.998225710562236
seed_square_octagon.npz,?,72,nan,0.512708845350017,0.5737545364791419,nan,nan,0.9919489602662263,0.9955957581994381,0.9914947424596523,0.9960670407510254
