run_id,topo_name,topo_class,n_nodes,n_bond,nu_target,band,band_f,nu_sim_initial,E_sim_initial,err_initial,nu_sim_konly,E_sim_konly,err_konly,nu_sim_full,E_sim_full,err_full,nu_solver_full,kmin_avg,solver_sim_gap,trustworthy,design_path,status,error
0,bravais_phi1.4_psi1.0_eta0.2_s1,bravais,60,180,0.5,soft,0.0,0.2949421653861024,1.089662568801425,0.2050578346138976,0.4998821854934787,0.9999999999999245,0.00011781450652131875,0.5000560521785031,0.999999999999923,5.6052178503129824e-05,0.5000560521785126,0.1201878345278863,7.682534460286161e-13,1,C:\Users\doron\Documents\GitHub\MATERIALIZE\Phase 5\networks\goal1_frontier\design_g1_0.npz,ok,
1,bravais_phi1.4_psi0.8_eta0.2_s0,bravais,60,180,0.5,large,0.1,0.3039065793950835,1.1153009157981275,0.19609342060491652,0.5000793285349916,1.0000000000000135,7.93285349915962e-05,0.5000304144779104,1.0000000000000182,3.0414477910412074e-05,0.5000304144779095,0.23307977493783041,5.847438878589075e-13,1,C:\Users\doron\Documents\GitHub\MATERIALIZE\Phase 5\networks\goal1_frontier\design_g1_1.npz,ok,
2,bravais_phi0.8_psi1.2_eta0.2_s0,bravais,30,90,0.6,soft,0.0,0.2933281000502618,1.0840769239051062,0.3066718999497382,0.6004498663070774,0.9999999999997758,0.00044986630707744,0.6000244825247097,0.99999999999978,2.4482524709767972e-05,0.6000244825247081,0.06161221390556134,5.988047614733807e-13,1,C:\Users\doron\Documents\GitHub\MATERIALIZE\Phase 5\networks\goal1_frontier\design_g1_2.npz,ok,
3,bravais_phi1.0_psi1.0_eta0.2_s1,bravais,36,108,0.6,large,0.1,0.28087520166275926,1.0769616006744382,0.3191247983372407,0.5670598128932591,1.006205101921116,0.03294018710674085,0.5813858007506727,1.0020364528047858,0.01861419924932728,0.5809859880205606,0.1872591307954687,0.010892208588905682,1,C:\Users\doron\Documents\GitHub\MATERIALIZE\Phase 5\networks\goal1_frontier\design_g1_3.npz,ok,
4,bravais_phi1.0_psi1.0_eta0.0_s0,bravais,36,108,0.7,soft,0.0,0.3333333333333094,1.1547005383791658,0.36666666666669057,0.69753706235465,1.0052767518944923,0.002462937645349994,0.6943857444665733,1.0189615491354598,0.005614255533426649,0.6998300637841917,0.0643899369373394,0.059362894749262304,0,C:\Users\doron\Documents\GitHub\MATERIALIZE\Phase 5\networks\goal1_frontier\design_g1_4.npz,ok,
5,auxetic_rotating_squares_t15.0_r4,auxetic,32,100,0.7,large,0.1,0.2686331857316152,1.1380249280888837,0.43136681426838475,0.4956221580386526,1.1936174307511442,0.20437784196134734,0.5256446161309665,1.200917144985877,0.1743553838690335,0.5896021125075578,0.192054241381005,0.4283887767383435,0,C:\Users\doron\Documents\GitHub\MATERIALIZE\Phase 5\networks\goal1_frontier\design_g1_5.npz,ok,
6,bravais_phi0.8_psi1.2_eta0.0_s0,bravais,30,90,0.8,soft,0.0,0.32719668933666757,1.1467852758437616,0.4728033106633325,0.791030465994714,0.9999999999999413,0.008969534005285995,0.8007300709120025,0.9999999999999197,0.0007300709120025006,0.800730070912008,0.019397237757057626,2.2065441974846801e-13,1,C:\Users\doron\Documents\GitHub\MATERIALIZE\Phase 5\networks\goal1_frontier\design_g1_6.npz,ok,
7,bravais_phi0.8_psi0.8_eta0.2_s0,bravais,60,180,0.8,large,0.1,0.30121349034381373,1.105880870930295,0.4987865096561863,0.6045391743575523,1.0000000000001807,0.1954608256424477,0.6197461872906063,1.0000000000000386,0.18025381270939378,0.6197461872906477,0.186912801814561,8.733666740595389e-13,1,C:\Users\doron\Documents\GitHub\MATERIALIZE\Phase 5\networks\goal1_frontier\design_g1_7.npz,ok,
8,bravais_phi1.2_psi1.2_eta0.0_s0,bravais,30,90,0.9,soft,0.0,0.3271966893366675,1.1467852758437618,0.5728033106633326,0.8891158069190827,0.9999999999999449,0.01088419308091737,0.8914682167450052,0.9999999999999357,0.008531783254994818,0.8914682167450099,0.015228712176184978,1.5566937508721866e-13,1,C:\Users\doron\Documents\GitHub\MATERIALIZE\Phase 5\networks\goal1_frontier\design_g1_8.npz,ok,
9,flipped_s310_f8,flipped,51,153,0.9,large,0.1,0.2008649059953332,1.0262662577123356,0.6991350940046668,0.6026121827628353,1.000000000000692,0.2973878172371647,0.6124017725796727,1.0000000000006084,0.28759822742032737,0.6124017725795002,0.1970872578050111,1.6461747882886357e-12,1,C:\Users\doron\Documents\GitHub\MATERIALIZE\Phase 5\networks\goal1_frontier\design_g1_9.npz,ok,
10,bravais_phi1.2_psi0.8_eta0.2_s1,bravais,60,180,0.95,soft,0.0,0.29494800629729756,1.095631551775751,0.6550519937027024,0.8942830657554476,0.9999999999999721,0.055716934244552374,0.902436208063856,0.9999999999998356,0.04756379193614391,0.9024362080638768,0.006898356951521991,8.220932282696746e-13,1,C:\Users\doron\Documents\GitHub\MATERIALIZE\Phase 5\networks\goal1_frontier\design_g1_10.npz,ok,
11,bravais_phi1.4_psi1.0_eta0.0_s0,bravais,60,180,0.95,large,0.1,0.32770037900585824,1.1514593285522738,0.6222996209941417,0.6263598016888983,0.9999999999999328,0.3236401983111017,0.628034710590519,0.9999999999999364,0.321965289409481,0.6280347105905348,0.18444884110566723,1.8121020176430375e-13,1,C:\Users\doron\Documents\GitHub\MATERIALIZE\Phase 5\networks\goal1_frontier\design_g1_11.npz,ok,
12,bravais_phi1.4_psi1.2_eta0.2_s1,bravais,60,180,0.5,soft,0.0,0.29645173208771847,1.0915129629293172,0.20354826791228153,0.49954255685776283,0.9999999999999045,0.0004574431422371683,0.5000300600410083,0.9999999999999084,3.006004100825077e-05,0.5000300600410039,0.10781308280277054,6.416961421538887e-13,1,C:\Users\doron\Documents\GitHub\MATERIALIZE\Phase 5\networks\goal1_frontier\design_g1_12.npz,ok,
13,bravais_phi1.0_psi1.2_eta0.2_s1,bravais,36,108,0.5,large,0.1,0.28509885959711817,1.0796470617440292,0.21490114040288183,0.4940876902694687,1.016089508541806,0.005912309730531307,0.4901787455985869,1.02164202856493,0.009821254401413126,0.49995875742788465,0.19950638537980853,0.07449674579283874,0,C:\Users\doron\Documents\GitHub\MATERIALIZE\Phase 5\networks\goal1_frontier\design_g1_13.npz,ok,
14,bravais_phi1.4_psi1.2_eta0.2_s0,bravais,60,180,0.6,soft,0.0,0.2978276232969075,1.0996005783321718,0.3021723767030925,0.6009838223087475,0.9999999999997687,0.000983822308747495,0.5999394955581244,0.999999999999769,6.050444187555293e-05,0.5999394955581117,0.06290274656227884,7.488324837077367e-13,1,C:\Users\doron\Documents\GitHub\MATERIALIZE\Phase 5\networks\goal1_frontier\design_g1_14.npz,ok,
15,auxetic_rotating_squares_t25.0_r4,auxetic,32,101,0.6,large,0.1,0.31810153210195463,1.2018788910005092,0.28189846789804535,0.50321146580519,1.2204306286700564,0.09678853419480993,0.5049416104708421,1.2183587725633451,0.0950583895291579,0.5937027312069457,0.21461402237698696,0.47785414777917035,0,C:\Users\doron\Documents\GitHub\MATERIALIZE\Phase 5\networks\goal1_frontier\design_g1_15.npz,ok,
16,auxetic_rotating_squares_t35.0_r4,auxetic,32,100,0.7,soft,0.0,0.3000165259558104,1.1881397225595625,0.39998347404418955,0.5587611410157759,1.6788979863560445,0.14123885898422406,0.5285729715525863,1.6358151629212867,0.17142702844741364,0.7001134130037162,0.020611763758968175,0.9021011838756685,0,C:\Users\doron\Documents\GitHub\MATERIALIZE\Phase 5\networks\goal1_frontier\design_g1_16.npz,ok,
17,bravais_phi1.2_psi1.2_eta0.2_s1,bravais,30,90,0.7,large,0.1,0.29954752441904037,1.0964531609713242,0.4004524755809596,0.5951733527560695,0.9999999999999087,0.10482664724393043,0.6049519341075291,0.9999999999998984,0.09504806589247083,0.6049519341075302,0.19452951955283926,5.339347593306198e-13,1,C:\Users\doron\Documents\GitHub\MATERIALIZE\Phase 5\networks\goal1_frontier\design_g1_17.npz,ok,
18,auxetic_reentrant_honeycomb_v1.5_r4,auxetic,64,194,0.8,soft,0.0,0.27276423702272845,0.9961462797698099,0.5272357629772716,0.7943919953267151,1.0577273547813857,0.005608004673284928,0.7969582828914934,1.0568006679386437,0.0030417171085066474,0.7992143620750293,0.0347671891823634,0.10196965080066053,0,C:\Users\doron\Documents\GitHub\MATERIALIZE\Phase 5\networks\goal1_frontier\design_g1_18.npz,ok,
19,bravais_phi0.8_psi1.2_eta0.2_s1,bravais,30,90,0.8,large,0.1,0.2964415168505476,1.0933946407137833,0.5035584831494524,0.6033343653437229,0.9999999999997782,0.19666563465627718,0.6090669590864397,0.9999999999997673,0.19093304091356034,0.6090669590863834,0.1871652578071355,9.122782008314021e-13,1,C:\Users\doron\Documents\GitHub\MATERIALIZE\Phase 5\networks\goal1_frontier\design_g1_19.npz,ok,
20,tiling_square_octagon_r3,tiling,36,114,0.9,soft,0.0,0.26544074745415297,1.2225334419154406,0.634559252545847,0.7562719821882197,1.9704715497751204,0.14372801781178035,0.7607953598658412,1.9832108001822513,0.13920464013415879,0.8536400839300828,0.024119605115822867,0.9265339083381144,0,C:\Users\doron\Documents\GitHub\MATERIALIZE\Phase 5\networks\goal1_frontier\design_g1_20.npz,ok,
21,flipped_s308_f8,flipped,54,162,0.9,large,0.1,0.24083222028056434,1.0574189632994213,0.6591677797194357,0.5787817320821209,1.0000000038356687,0.3212182679178791,0.5935500095847951,1.0000000000017524,0.30644999041520493,0.5935500095836638,0.19192766588244278,1.2264516679698042e-11,1,C:\Users\doron\Documents\GitHub\MATERIALIZE\Phase 5\networks\goal1_frontier\design_g1_21.npz,ok,
22,flipped_s300_f8,flipped,36,108,0.95,soft,0.0,0.2626952585540763,1.0870374863571775,0.6873047414459237,0.9023821345467611,1.0237386222057352,0.04761786545323887,0.9061064351663122,1.020757139377082,0.04389356483368778,0.9066083146744046,0.006380309966428334,0.04156088757934044,1,C:\Users\doron\Documents\GitHub\MATERIALIZE\Phase 5\networks\goal1_frontier\design_g1_22.npz,ok,
23,bravais_phi1.4_psi0.8_eta0.0_s0,bravais,60,180,0.95,large,0.1,0.3302655143247938,1.1556053704551168,0.6197344856752062,0.6131899772001116,0.9999999999999232,0.33681002279988836,0.6243756684450291,1.003271811630881,0.32562433155497084,0.6238647380593861,0.1868579259879267,0.012629310015004445,1,C:\Users\doron\Documents\GitHub\MATERIALIZE\Phase 5\networks\goal1_frontier\design_g1_23.npz,ok,
